Semantic_Similarity,Distance_km,Experience_Months,Label
0.2703182697296142,38.697802427798166,43,0
0.4764118194580078,21.94392198760261,37,1
0.570785403251648,42.929895995569126,54,1
0.4980818331241607,34.86840145296819,0,1
0.4641345739364624,4.708867394382477,18,1
0.3364608287811279,48.7811175818378,11,1
0.3264878690242767,38.05698509951765,34,0
0.424922227859497,39.30321526384769,38,1
0.3703384101390838,6.405681633777293,53,1
0.6624388098716736,22.51929689477836,22,1
0.4147513508796692,18.53990121162906,14,1
0.3867589235305786,46.33824944243009,55,1
0.4330815076828003,32.19325600403323,40,0
0.4581137001514435,41.1380806635415,45,1
0.4948742389678955,22.17070994136656,26,0
0.4053596258163452,11.361936089238844,26,0
0.6150753498077393,27.72923935079174,23,1
0.2087422758340835,3.1908628052087664,44,0
0.433025598526001,41.3815585996291,12,1
0.3384848535060882,31.583219956103243,58,1
0.5065192580223083,37.90438700426869,10,1
0.1626791656017303,17.726298406493417,27,0
0.6082799434661865,48.534901219745166,18,1
0.3349044322967529,44.65605606610988,38,0
0.491528570652008,38.91917485368809,40,0
0.4637328386306762,9.73193539259838,55,0
0.5076215267181396,23.33605018635171,47,1
0.215161919593811,2.190188289361439,14,0
0.2673816382884979,7.714474603377392,12,1
0.2369101196527481,34.15244766212273,53,0
0.5271040797233582,37.23810779539086,29,1
0.3203904628753662,48.3754866217105,5,0
0.5749657154083252,16.291267906907596,49,1
0.6481008529663086,18.522985301743443,38,1
0.2915259003639221,23.4777905637904,1,1
0.4764302372932434,9.473567954214284,46,1
0.4703359603881836,6.496075266773582,36,0
0.2206241190433502,23.78524631129669,36,0
0.3054819703102112,11.345467452544206,51,0
0.3036490380764007,33.49069973412552,29,0
0.3980624675750732,21.857595943616538,27,1
0.2701908946037292,41.63390980289187,37,0
0.4875414371490478,35.01325510011245,11,1
0.1618489474058151,15.618332069102053,9,0
0.2112175375223159,41.61299006976005,50,0
0.1822666078805923,40.238217874840096,12,0
0.4431417882442474,19.373918951508724,30,0
0.2072490751743316,14.416405196512205,16,0
0.2546842694282532,34.12477519874877,13,0
0.4453773498535156,6.98762418046549,35,1
0.101618468761444,9.995410123755416,48,0
0.3962713479995727,0.3681134875502756,26,1
0.4717739820480346,39.34621887510692,8,1
0.2611187398433685,33.242542829601604,14,0
0.5599147081375122,35.25826893131676,9,1
0.3609925508499145,39.0364515510984,52,0
0.1987296193838119,22.945788776917,19,0
0.4809938669204712,28.43705979764469,22,0
0.5460742712020874,6.989849906382872,4,1
0.4720697999000549,5.726503676798672,26,1
0.2530267834663391,33.42014808952358,54,0
0.204444944858551,23.554810307156625,24,0
0.2428922653198242,28.26180532405944,39,0
0.3701348304748535,38.24994287080128,10,0
0.3922208547592163,31.73591600002954,8,0
0.4009805023670196,27.67897003289979,43,1
0.3354488909244537,27.96035803727068,3,0
0.4944927096366882,15.19750490313061,26,1
0.4078910946846008,1.5408917283969703,19,1
0.1941695511341095,21.83586946161812,0,0
0.3687816262245178,10.72923364097646,31,1
0.2532708346843719,20.426432186231807,57,0
0.3337747454643249,42.67015366340831,4,0
0.522763192653656,11.696974293267036,48,1
0.3359078764915466,2.915137084453301,32,1
0.3617376685142517,14.069194601099827,43,1
0.3197581171989441,14.67968788833418,5,1
0.4913634955883026,33.09582573634475,52,1
0.365017831325531,27.85160761706392,0,1
0.6470280289649963,39.194910455320674,54,1
0.5131664276123047,33.215677016369376,39,1
0.540256142616272,20.319343072003527,20,1
0.522757351398468,40.701019233301736,0,1
0.3239361345767975,8.348645995385196,36,0
0.2665893733501434,1.135603656693024,5,0
0.6176916360855103,4.502393038782087,36,1
0.5700939893722534,36.11796752982252,46,1
0.2373596429824829,23.09386151256937,16,0
0.2479279637336731,8.063588951680089,14,0
0.2494403719902038,25.052238755168176,13,0
0.3368074297904968,7.615605135658421,13,0
0.4908240437507629,34.8160187538868,6,1
0.5673016905784607,22.307813778701536,14,1
0.3079140782356262,19.051061304824124,39,1
0.1973389387130737,15.075604457393826,18,1
0.5071123242378235,31.514129655944423,46,0
0.2297929227352142,18.09063052766952,49,0
0.446357250213623,4.38249596580505,45,1
0.1505532562732696,5.900295106025766,32,0
0.3979749381542206,48.09488322747573,18,0
0.3172788918018341,45.42903453538035,55,0
0.3033024966716766,34.98535669053748,12,0
0.2490777671337127,13.29349807297598,27,0
0.3042986989021301,48.45881886738619,27,1
0.3600519895553589,38.93754519828973,44,0
0.2312963604927063,35.84450945794978,32,0
0.2557968199253082,22.468075107189435,47,0
0.446193516254425,13.612078092257953,55,0
0.6934614181518555,4.819548107674965,23,1
0.4743336737155914,45.13011982719208,52,1
0.5379590392112732,22.788814491680554,10,1
0.204659879207611,10.118168239761516,54,0
0.653705358505249,15.297831207532624,10,1
0.4320798814296722,28.9609784470948,51,0
0.2933411598205566,8.838639146961585,23,0
0.469043493270874,42.83071420461877,57,0
0.4814230799674988,37.92597649176051,7,0
0.1727252453565597,35.97314779754684,27,0
0.243424654006958,21.604651988755187,54,0
0.4596085250377655,31.36544203512216,2,0
0.350908875465393,29.20489844563678,15,0
0.4573290646076202,32.492330077741,5,1
0.4374517798423767,4.222216056994455,19,0
0.6470483541488647,20.79037010853048,23,1
0.3597500622272491,2.080708693094624,37,0
0.3544849455356598,24.699540962225942,15,1
0.3435107469558716,16.493060616639266,9,1
0.4927746653556824,7.226209443302345,10,0
0.5192197561264038,5.170148386127583,56,1
0.4944635033607483,29.3822286088856,57,1
0.2010119259357452,8.529648426844306,13,1
0.3957375586032867,46.25600591883986,11,0
0.2880691885948181,29.053056985019747,3,0
0.3652602136135101,17.343490226741853,57,0
0.3748325705528259,29.54577457407084,42,0
0.279905617237091,1.140193551484875,45,1
0.2764580845832824,47.927960662072266,17,0
0.4098464846611023,24.11517184714501,38,0
0.4612430930137634,39.13676136251432,3,0
0.5308939218521118,4.136499996121929,40,0
0.3128213882446289,24.332916541908016,34,0
0.3763656616210937,24.53534971772605,19,0
0.5879542231559753,46.89132274874914,42,1
0.5237599015235901,28.58640261880377,38,1
0.4626736640930176,23.67447005284769,26,1
0.1819950640201568,13.34878315459468,11,0
0.3236018419265747,16.57844986712761,1,1
0.3292954564094543,26.03362012357689,56,1
0.3924707770347595,21.945573015252336,16,1
0.1893444806337356,1.0806039940165213,18,0
0.4419470727443695,41.31459620971789,40,1
0.4528995752334595,44.808038591988335,15,0
0.2987131476402282,7.012454449930539,22,1
0.5156290531158447,27.70180717695247,42,1
0.2145560383796692,5.428787056772178,35,1
0.3498402237892151,33.61200465199058,39,1
0.2989962100982666,14.061689191950416,0,0
0.5317079424858093,32.97113173459509,27,1
0.3364002704620361,36.34973071434413,28,0
0.2288930416107177,38.43237459588285,37,0
0.553866982460022,5.387047297794828,9,1
0.5592383742332458,45.80059225688039,9,0
0.333739161491394,11.51069954474404,45,0
0.2086569815874099,1.870627808808989,40,0
0.3566155135631561,27.74262346957417,48,1
0.233953595161438,18.546114193121937,16,1
0.5455349683761597,41.489487156620655,59,1
0.385279893875122,40.41257360321509,16,0
0.6136909127235413,15.856944641135769,39,1
0.5710066556930542,47.644969753487246,9,1
0.1653491854667663,14.545891907005933,55,0
0.3374872803688049,25.75285646158573,19,0
0.3552146553993225,12.798254528380138,48,0
0.167365163564682,46.80217850244816,19,0
0.3368074297904968,8.230390879100907,47,0
0.4983473122119903,2.2455309696164494,27,1
0.346290111541748,21.754853000151897,3,1
0.352642297744751,49.61877820279185,11,1
0.3282485008239746,44.5838633127457,41,0
0.2221017777919769,37.43040097284746,11,0
0.6574705243110657,44.53962454392624,16,1
0.2741552591323852,44.67233198489316,32,1
0.6129443049430847,25.94291801932245,15,1
0.3974289298057556,15.79645259153965,7,1
0.4446814358234405,38.6006216055494,37,0
0.3562669157981872,33.08306315838806,41,0
0.2566832900047302,18.682886443685504,43,0
0.4129387140274048,4.723333403075763,56,1
0.4056574702262878,37.3394805674513,7,0
0.2871769964694977,13.123025796143232,25,0
0.2480084151029586,46.840657526688965,14,0
0.3629413843154907,12.048528750284238,54,1
0.187101811170578,6.137896620574301,32,0
0.431498259305954,41.55563360624531,5,1
0.368935227394104,7.664215831224702,41,0
0.339567482471466,8.963415407886954,2,1
0.6630858182907104,29.96913957604217,16,1
0.371086835861206,43.72810204187322,43,1
0.4746442139148712,9.821733285728662,30,1
0.1846338212490081,15.51618364500474,45,0
0.4177706837654114,38.87024191205888,34,1
0.3119247555732727,48.59132130304837,50,0
0.6573977470397949,25.037059310117115,33,1
0.440193235874176,7.194875127562539,3,1
0.3205465674400329,0.6968143854100772,4,1
0.5881246328353882,11.482801499942765,46,1
0.294173389673233,6.591110889326052,2,0
0.2886894643306732,33.88293368064287,22,1
0.5331326723098755,6.091625231426557,0,0
0.5036951303482056,25.31649658103165,18,1
0.5480154752731323,34.71312178214433,35,1
0.4612559676170349,29.05583046104512,10,1
0.3540666699409485,9.98878258300288,27,0
0.3708149194717407,40.206226309113134,59,0
0.279876708984375,35.770356480790085,4,0
0.325714498758316,36.94920019577709,3,0
0.4562916755676269,6.552887577865663,16,0
0.1934479176998138,6.187690182517231,49,0
0.3174051940441131,46.37812755032538,24,0
0.5306587219238281,19.87890969124703,38,1
0.6144274473190308,15.047434589046988,2,0
0.3369747400283813,24.429202267576667,44,1
0.3679143786430359,33.14321063817912,4,1
0.3819422423839569,47.781162852348494,42,1
0.4678202271461487,14.32231134410275,8,1
0.4714188873767853,46.24042146560136,51,1
0.3261036872863769,1.2429745693128158,17,1
0.6247637271881104,27.759902116341237,11,1
0.307637095451355,31.69875558405425,20,0
0.4651683568954468,5.294870187537665,0,1
0.5766607522964478,7.016979853195632,9,1
0.7637606859207153,20.95571596581519,35,1
0.400875449180603,48.31159560715909,18,1
0.417128711938858,29.802127661718643,21,1
0.1629905849695205,46.65116108001056,48,0
0.408353328704834,40.21804578064854,7,1
0.4217433333396911,23.369080077764576,23,1
0.2917085587978363,39.23817246260937,11,0
0.6313008666038513,0.8918391988493868,28,1
0.1666934937238693,5.457199838286747,19,0
0.315152645111084,41.47143074413682,2,0
0.4790816009044647,39.84085441625809,4,1
0.3749315738677978,11.632037098321684,51,1
0.1934522092342376,26.538479529952674,3,0
0.3203977346420288,30.300791035000547,46,0
0.3922185897827148,43.38694768880056,54,0
0.4526944756507873,30.155357866936285,27,0
0.3310039043426513,20.62857846368401,18,0
0.4073816835880279,18.70920217035913,46,0
0.6462625861167908,21.29410431867549,58,1
0.2266318500041961,32.59655127899871,7,1
0.3620374202728271,43.37453158761625,57,0
0.4581922590732574,22.694844103814987,56,0
0.4008700847625732,12.391978147567906,8,1
0.4098106324672699,11.833118149879056,3,0
0.3787351250648498,37.30071401217232,42,0
0.33563232421875,40.82843817119552,4,0
0.4264840483665466,5.263903992706248,36,0
0.3465586602687835,3.327942847758908,3,0
0.4610039591789245,29.721683187822588,41,1
0.6416659355163574,7.308662209634914,13,1
0.4574829936027527,41.23320952281706,5,0
0.2399645894765854,15.516733696203724,3,0
0.6119942665100098,7.193596648557133,11,1
0.2685466110706329,46.048523624372514,32,0
0.52236407995224,8.276586136763909,4,0
0.4306855797767639,14.236004116896778,48,1
0.5185950994491577,7.680669759602932,36,1
0.3517783582210541,5.774503183267749,17,1
0.2016600370407104,1.0574008168220017,59,0
0.3523992002010345,2.7697704582130056,39,0
0.3166211247444153,8.732073546792634,40,1
0.5103639364242554,2.6690966313587694,10,0
0.4238747060298919,29.55719080554856,42,0
0.5857144594192505,34.03572633997532,33,1
0.2528974413871765,19.681522841601414,59,0
0.5585957765579224,15.89955484760247,28,1
0.4232474565505981,25.226311851111504,40,1
0.3551208972930908,43.75024711173043,20,0
0.385809063911438,42.5565813411103,2,0
0.5781055688858032,2.173753100639597,7,1
0.5191617012023926,9.074920479826204,52,1
0.5814059972763062,11.8372435552198,44,1
0.5515817999839783,12.469378791610591,21,1
0.590923547744751,28.56163258713864,41,1
0.519591212272644,20.81312128515961,0,1
0.4036466777324676,2.4627059963797,2,0
0.3612471222877502,18.68070692297858,30,0
0.536255419254303,26.18764743588186,37,1
0.3649319410324096,5.083595145185798,56,0
0.5303242206573486,41.67292768942799,45,1
0.371115118265152,2.598093323255213,15,1
0.317438006401062,46.24209345090311,48,1
0.3781891465187073,4.955657078993775,29,0
0.2369556277990341,42.178747579887634,49,1
0.3044202625751495,45.132657196380855,10,0
0.3618069291114807,48.97853402932964,1,0
0.6366690993309021,40.10129401367968,3,1
0.2014590501785278,38.97387703856644,59,0
0.2670868039131164,32.124163799777385,4,0
0.6138133406639099,38.94981772890645,56,1
0.3331029117107391,6.727610420657354,43,0
0.4503867030143738,26.803401797381863,8,0
0.1943807899951934,25.711143509520724,51,0
0.3318699598312378,42.878607206127874,8,0
0.5104467868804932,23.13996827967579,8,0
0.4046777486801147,19.254474805017672,34,1
0.5672272443771362,31.978163561855503,17,1
0.3199154138565063,13.323165875042305,17,0
0.3571287989616394,6.988420547697843,11,1
0.2517980933189392,23.89386370118729,36,0
0.4457259774208069,20.84446842974425,1,0
0.3687177300453186,11.628497026443686,14,0
0.3678561449050903,18.3755905057564,33,0
0.3590139746665954,18.31962249131237,29,0
0.2325061559677124,16.374778220627274,41,0
0.2869469225406647,18.973203986346448,12,0
0.2946992516517639,34.28716727279727,38,0
0.4182424247264862,14.843823728564264,45,0
0.3424844145774841,47.442896335767024,23,0
0.5575841665267944,45.81740097690889,15,1
0.4119518995285034,24.04552141500393,33,0
0.4615626335144043,16.41806025023444,34,0
0.4766807854175567,26.77173949150016,5,1
0.6606353521347046,42.42802443868123,33,1
0.5647051930427551,32.6293670280051,9,1
0.4083409011363983,40.219591397353874,34,0
0.6190372705459595,26.63611380328701,55,1
0.3121433854103088,31.64588146338104,32,0
0.4890497028827667,14.407780709123086,45,1
0.5208604335784912,36.74465811551454,18,1
0.5558148622512817,10.120229656285918,55,1
0.4358332455158233,34.73990644092491,48,0
0.1867997050285339,43.0359534162947,55,0
0.5511430501937866,6.605141865077196,44,1
0.4322157502174377,30.71898702709599,38,0
0.410296618938446,4.75478741149673,31,0
0.4724215865135193,36.28578141357134,55,1
0.2210798263549804,4.224660941176012,50,0
0.4937545657157898,46.7969911350313,25,1
0.4122515916824341,6.870396501890108,5,1
0.3186575174331665,47.944012295454016,0,1
0.493451863527298,40.04420880425484,14,1
0.3498924970626831,29.684100223317703,3,1
0.4894654750823974,39.13120523147735,12,1
0.3567246794700622,39.75574194915429,6,0
0.4134261608123779,47.30135314086652,58,0
0.6390471458435059,12.66916769195936,5,1
0.3576293885707855,29.50379476791546,37,0
0.3643662929534912,4.752459878220061,21,1
0.5119884610176086,30.808285001206063,10,1
0.4529716372489929,8.56456520463944,42,0
0.3766750693321228,28.247530573622093,58,0
0.3943215906620025,28.621525701692484,47,0
0.3439783453941345,23.299257649061367,58,1
0.3957017660140991,26.13158877565614,35,0
0.4601772427558899,38.1961695003294,40,1
0.3832749724388122,39.96223582560333,8,1
0.6394252777099609,24.607660778771457,51,1
0.5887224674224854,29.979672076130612,44,1
0.3710286617279053,46.56181178450509,15,0
0.5048061013221741,5.98667942505614,21,1
0.3946139812469482,5.855178295005525,36,0
0.4431417882442474,4.385450595538421,0,0
0.4322724342346191,32.89316425202639,49,1
0.3089156448841095,20.930415039518973,16,0
0.6032252311706543,38.716070807092166,4,1
0.6518407464027405,33.56157066542963,19,1
0.5012346506118774,16.68188791641191,50,1
0.3845763206481933,44.91832736807679,16,0
0.1472414135932922,38.12660735353261,32,0
0.353498101234436,13.526747045508786,48,0
0.651972770690918,18.2096008886027,2,1
0.5371476411819458,15.721999010213144,45,0
0.3181979656219482,7.880582431249983,17,0
0.5370088815689087,7.389168627109583,41,1
0.244669571518898,46.8063731687872,11,0
0.5153927803039551,21.895201859937664,8,0
0.28920379281044,19.16599113887049,47,0
0.3070818781852722,36.4842854338689,48,0
0.4489501118659973,27.649653262645,58,0
0.3815861344337463,46.80699934192311,40,1
0.4632863402366638,39.01507469546961,27,1
0.2020644545555114,23.96847820622702,11,0
0.6838417649269104,18.817973674041312,17,1
0.2970886528491974,49.3315772462161,38,0
0.4794235825538635,35.88801180018217,20,1
0.3402287065982818,47.55973300019205,29,0
0.5650597810745239,5.923928860852068,10,1
0.4147115349769592,42.52668395953913,26,0
0.6108738780021667,31.85369419956038,14,1
0.5373744964599609,6.096083916755629,6,0
0.2069883048534393,29.412899998461032,7,0
0.2731814384460449,34.30481825527244,31,0
0.1726374626159668,0.6151342944301419,21,0
0.4030571579933166,22.71589809208733,5,0
0.537458598613739,41.26997555981606,30,0
0.3144789636135101,14.767951267204491,9,0
0.4007095098495483,22.92740408992756,0,1
0.3729211091995239,22.11570635339466,7,0
0.4387385547161102,15.09636957212458,26,1
0.208781361579895,45.92209477577771,57,0
0.5787534713745117,39.06470177157579,14,1
0.3548223376274109,5.529420549805525,17,0
0.5839588046073914,49.851732891878655,14,1
0.5535401105880737,43.96000121538727,21,0
0.3307624459266662,14.195421893201948,43,0
0.1971085518598556,41.84482898304691,19,1
0.2326107025146484,5.320976593569143,39,0
0.3519192039966583,49.95523652371193,53,0
0.4594016075134277,33.28423680532684,56,0
0.2631315588951111,32.50625077793985,33,0
0.3716416954994201,4.522036349206637,42,0
0.3072832822799682,44.85166994483127,55,0
0.3708964586257934,1.4499751602234712,47,1
0.3651404976844787,12.041402902057351,17,1
0.315191388130188,7.151093758331751,7,0
0.5416330695152283,38.83839703461093,6,0
0.4754730463027954,9.910211360644894,52,1
0.5011299252510071,45.53191135654426,33,1
0.233994647860527,32.81345196637451,17,0
0.3750041723251343,1.8081355247348108,20,0
0.2731541991233825,0.2714917064350231,16,0
0.4279834032058716,2.582895850719946,48,0
0.4762070178985595,30.296258882386383,36,1
0.3686577081680298,40.074090542970765,52,1
0.3911870718002319,11.927641031369424,18,1
0.5072674751281738,42.47044214615365,28,1
0.3325645327568054,2.8615970076630197,7,1
0.600036084651947,40.04819268208381,58,1
0.4998185336589813,46.38977150861402,30,1
0.7013526558876038,38.60541995521903,33,1
0.2486619651317596,34.90603919893186,24,0
0.5344254970550537,41.89901093276915,16,1
0.4017715752124786,2.0075649773533213,56,1
0.4538870453834533,10.089105535952768,29,1
0.4498731791973114,6.246183965282154,40,1
0.2662351727485657,25.226549509649328,2,0
0.5945614576339722,37.25940641644223,16,1
0.2373432517051696,31.500592228819933,48,0
0.1522307842969894,42.55655498809675,5,1
0.6266205310821533,7.760649622054544,6,1
0.2506890594959259,36.73105459675808,48,0
0.5794025659561157,9.652074543445204,18,1
0.4205483794212341,13.537937565890012,16,0
0.3654791712760925,35.4952348640652,33,0
0.3696245551109314,49.01023924493409,11,0
0.4941439628601074,30.57718029885348,2,1
0.3416394889354706,2.72501574956478,0,0
0.2575409710407257,30.81544849637664,4,0
0.5805432796478271,2.117527579008355,9,1
0.4752628207206726,44.20728556834086,41,1
0.2977185249328613,35.47891425503104,17,0
0.4348381161689758,8.65639232112516,4,1
0.3209630846977234,4.586050291209904,0,0
0.5210229158401489,9.176661444015949,28,1
0.4351767301559448,49.00135897770962,50,1
0.1220031082630157,22.92803212292449,20,0
0.3676925003528595,39.2040474170704,3,1
0.3973886668682098,31.82041710538884,13,1
0.4927984476089477,28.620657497931862,29,1
0.2281919419765472,7.256512733252485,11,0
0.2365512996912002,47.301222677904754,58,0
0.472870409488678,15.067131625735897,45,1
0.4234743118286133,28.90086079037711,20,0
0.5278052687644958,34.988797229453304,57,1
0.4333274960517883,32.461657762265446,19,1
0.2590667307376861,47.02972048477592,8,0
0.351578027009964,7.4219494960029,56,0
0.5504844784736633,25.417636922347103,57,1
0.2797704935073852,20.201719537038297,18,1
0.4244011044502258,23.708436474130902,35,1
0.2103771269321441,5.960876309887231,10,0
0.3664644360542297,6.704730493638267,38,0
0.4303398728370666,13.90377728906287,41,1
0.4178270101547241,15.235230188041566,42,1
0.2462092787027359,21.3951606840675,34,0
0.3475817739963531,30.549377351831414,42,0
0.385065883398056,31.731455870913152,33,0
0.2157705724239349,20.590544829278517,49,0
0.3781386017799377,20.43915547143485,10,0
0.1952998787164688,10.8814263348481,29,0
0.4552321135997772,29.41531242045041,24,1
0.4573702216148376,15.852045565861896,32,1
0.4564758241176605,1.802991713868185,8,0
0.1323811113834381,20.92000220784302,19,0
0.1700304448604583,23.70663375450852,57,1
0.2994754314422607,11.27964341021055,6,1
0.2495043277740478,28.622896656105784,38,0
0.5730158090591431,28.28859502159605,39,1
0.3842799067497253,35.10010905551857,28,0
0.4626785516738891,32.3974241100605,2,1
0.4315865039825439,32.62165282605158,2,0
0.4362439513206482,15.810707591202156,16,1
0.3609982430934906,39.371611099297695,6,1
0.4517050385475158,27.457219179983973,5,1
0.4922762513160705,21.570909758994507,9,1
0.4551223218441009,31.300624047052857,11,1
0.3474800288677215,18.032866722512715,50,0
0.2404484003782272,25.63696223033791,38,0
0.1641528606414795,36.835284424111016,1,0
0.3412321209907532,44.320144336185386,37,0
0.2928175330162048,46.05285986475958,8,0
0.5093821287155151,25.18164625915496,25,0
0.3875641226768493,26.01375573702845,2,0
0.3853276371955871,39.993520538191824,5,0
0.5401182770729065,15.722534587210063,7,0
0.3287374675273895,41.86911811725343,26,0
0.1932799220085144,24.70708232587117,27,0
0.4579993486404419,5.792836216763419,21,1
0.2222665548324585,3.602957353647185,37,0
0.2330856919288635,42.09966055197316,43,0
0.4856056571006775,2.778395845343895,43,1
0.475756287574768,14.030571806682795,34,0
0.189588114619255,16.70650202507729,32,0
0.4833644926548004,8.64972225957969,29,0
0.3488110899925232,15.694668490099462,14,1
0.2622658610343933,37.13462833625428,29,0
0.2648876011371612,0.7341421780035384,0,0
0.2262245118618011,41.358671226034325,57,0
0.5066342353820801,42.82740117872791,22,1
0.4519230723381042,18.613078659577408,45,1
0.5677309632301331,7.68064495303174,57,0
0.5968277454376221,30.04202039725404,29,1
0.449246883392334,5.983627793244716,51,1
0.2286036014556884,18.245968053912627,28,0
0.6529244184494019,47.92145904504862,7,1
0.5247491598129272,49.77322362918186,1,1
0.2963132858276367,38.60524456772928,8,0
0.432763397693634,15.54807549603831,56,1
0.3702429831027984,34.383252458304625,28,1
0.2972115874290466,35.27031827420063,19,1
0.2561022937297821,19.392084758182488,26,0
0.4530782103538513,32.04443172930797,15,0
0.4469098448753357,0.5363822487838121,52,1
0.2304099947214126,10.452882930112072,59,1
0.4358449280261993,26.25441514836306,5,0
0.5521645545959473,8.187565212914794,43,1
0.3558178544044494,8.295343393826682,20,0
0.2588346898555755,41.8152145275119,2,0
0.482797235250473,49.45665013418027,55,1
0.2584455013275146,27.798471401422415,3,0
0.3639595508575439,41.95348654408567,12,1
0.3731705546379089,49.516083216313625,1,1
0.4412881731986999,7.079794428438735,28,1
0.4938757121562958,22.412280662717556,35,1
0.2326245009899139,19.628635792095995,19,0
0.5330309271812439,4.002464182309251,4,1
0.6193467378616333,37.766508639737225,6,1
0.6147146224975586,21.68895136612965,56,1
0.4422861635684967,23.466346709520064,48,1
0.2275810241699218,7.533648690662009,56,0
0.3604422211647033,9.046332611543406,31,0
0.3378149569034576,45.35518110781075,32,0
0.2332372963428497,2.232454448713944,47,0
0.3513504862785339,11.642614247185312,36,0
0.3317411839962005,14.602966515726418,26,0
0.3990245163440704,24.50987712007932,17,0
0.419592946767807,29.3222586507398,29,0
0.4634063243865967,24.66449879253333,3,1
0.4361492693424225,4.205766727844101,11,1
0.5992314219474792,12.183372702785675,44,0
0.5949772000312805,42.17941923812706,52,0
0.4961751103401184,31.87943502392295,6,1
0.4430273771286011,32.45745250671372,5,1
0.5976760387420654,33.51016276756775,5,1
0.3829054832458496,38.14515095197645,47,1
0.4498969912528991,2.905424086072367,18,0
0.433329164981842,18.33041924663062,19,1
0.412883996963501,26.97637176308393,0,0
0.324076771736145,16.922824164866302,58,0
0.4873598515987396,42.223943664359325,26,1
0.24273781478405,24.128625429364696,47,1
0.4467261433601379,38.43137947296896,42,1
0.4557447731494903,42.60077584405845,8,1
0.3214908540248871,25.239574145174902,48,1
0.3807133436203003,45.477612193567495,33,0
0.4676082134246826,29.356197026849028,36,1
0.370384156703949,42.51371494168609,12,1
0.3425695300102234,17.029539779576215,50,0
0.5238651037216187,24.94084792657426,55,1
0.3983287811279297,26.570552050228883,24,1
0.2377000749111175,5.248985794803529,5,0
0.5264432430267334,19.927625335077032,50,1
0.4204849302768707,45.8668836275838,53,1
0.4757026433944702,31.54161201823712,30,1
0.5883786678314209,8.875329121848374,34,1
0.4045400023460388,16.94278178048025,13,0
0.6210976243019104,9.580150483134991,4,1
0.2421282529830932,1.241156589928627,56,0
0.2282028496265411,46.37302292520133,28,0
0.3002910017967224,22.41036641284357,16,0
0.5902130603790283,15.376753621039308,41,1
0.4701170921325683,29.92385957788683,1,0
0.4093915820121765,0.3657228146507818,4,0
0.6123934984207153,13.901105330040693,14,1
0.5000282526016235,35.15167328494463,27,1
0.401572585105896,31.68848865346315,22,0
0.4854787588119507,49.09029737712677,11,1
0.337023377418518,31.0178854829022,21,1
0.6425206661224365,23.87529368138664,20,1
0.3622507452964782,38.07162815920038,31,0
0.3534000515937805,45.16639359820265,33,1
0.5059736967086792,36.03479733591758,52,1
0.3371344804763794,48.16056117746898,48,0
0.3016097247600555,39.10025853690886,17,0
0.4295521378517151,43.34007191309632,54,0
0.3743276596069336,5.705203559181859,31,1
0.1376842856407165,36.62067514968938,11,0
0.4941558241844177,22.00443497636843,20,0
0.3270274102687835,27.65519012056376,44,0
0.2192952185869217,32.70512047411784,49,0
0.4512061476707458,48.49075583527847,22,0
0.1718801259994506,49.22890407158123,9,0
0.5046374201774597,14.411412274395264,11,1
0.4147164225578308,36.68767487189581,6,1
0.3889687657356262,37.49917689676343,41,0
0.2157743871212005,17.324643065652438,30,0
0.1840425133705139,6.19348874321105,27,0
0.6133912801742554,2.047348014285988,40,1
0.1536598801612854,38.86715637645893,49,0
0.5014880299568176,24.48498709084529,47,1
0.371461808681488,49.27700847474631,8,1
0.5351330041885376,23.24867280968265,35,1
0.2258777916431427,48.89584895369201,52,0
0.4394617676734924,20.578800109702996,46,0
0.5607240796089172,39.68410752799863,19,1
0.5260751247406006,4.240963615591603,23,0
0.4153981208801269,27.773085506888197,53,0
0.6599857807159424,40.10298934928621,1,1
0.4796963036060333,46.23508336099443,31,0
0.4330625832080841,41.12915453087158,6,0
0.6051489114761353,1.8485363600587112,53,1
0.5336445569992065,18.635117065336708,2,0
0.5247272849082947,2.4349236156925635,1,1
0.6650093793869019,5.4641145557279005,19,1
0.4911092519760132,33.765281433374206,12,1
0.7744837999343872,35.66290981558491,29,1
0.4013402462005615,38.68603413758132,17,1
0.426613837480545,43.27282740278314,21,1
0.4527917504310608,36.9715734238255,33,1
0.5056851506233215,40.0435796053316,33,1
0.1767963469028473,2.4481854911639624,56,0
0.5808238387107849,11.72675752206493,28,1
0.3641740679740906,31.094888668762287,33,1
0.6441633105278015,42.90626523124116,40,1
0.4537068009376526,0.2250062469829561,10,1
0.416274756193161,25.73146710581749,40,1
0.2298610806465149,33.86436996821986,51,0
0.4479130804538727,1.4803644564306606,19,0
0.3573992252349853,20.0677778776694,10,1
0.433124840259552,44.78174406918484,20,1
0.4743477404117584,33.580640442792934,16,1
0.1594423800706863,11.882918168029866,35,0
0.4697587192058563,42.63905648159563,51,0
0.4041133522987366,17.401571170475716,35,0
0.3294448256492615,42.66723355720297,7,0
0.2769804298877716,14.947182555945275,18,0
0.348942220211029,29.516012544157448,41,0
0.3927584290504455,19.847003387391705,19,1
0.566085696220398,13.74125253775335,35,1
0.4029282927513122,44.32787810859346,41,1
0.2403632998466491,9.379684096974566,19,1
0.2981107234954834,4.240579561788155,38,0
0.166610836982727,17.09634692728302,23,0
0.5183713436126709,35.881957382078376,8,1
0.3913506269454956,40.37158029881409,22,1
0.430898904800415,49.93716850333824,26,1
0.325965940952301,14.818102850558246,0,1
0.2551982402801513,20.39709755656411,53,0
0.2690005302429199,6.841063901481315,31,1
0.4156714379787445,28.74359648115168,2,1
0.4521897137165069,49.87900186314586,52,1
0.0743545740842819,35.044050506032924,51,0
0.4029859900474548,29.760642020668588,0,1
0.3089182376861572,19.6184546460897,9,0
0.3302400708198547,45.76493801427774,21,1
0.4672508239746094,24.84582980651747,30,0
0.6090281009674072,6.718345665653075,43,1
0.3655040860176086,18.268923159956675,25,1
0.535611629486084,3.3583334423883446,36,0
0.367063045501709,10.098951884439078,0,1
0.3155693113803863,0.8834390499956102,39,1
0.3038419485092163,22.66399582500817,54,1
0.4085286855697632,31.72701324758986,31,1
0.4720246791839599,17.16462311894539,27,1
0.6709085702896118,21.01908857526385,17,1
0.3674976229667663,47.9604636422288,57,1
0.3546755015850067,37.598156078745774,1,0
0.4512809813022613,27.04283184724756,17,1
0.5742277503013611,14.227043755591264,8,0
0.4608900249004364,44.84983993864976,51,1
0.317889392375946,11.754855844032974,28,0
0.4647511541843414,16.267136525833852,55,0
0.3004780411720276,45.453240721147424,39,0
0.398968905210495,26.47710276425362,33,0
0.4114244878292084,37.11589747089884,31,0
0.3437172174453735,29.537239708188302,12,0
0.438488245010376,32.67196045047476,33,0
0.6727886199951172,14.969164575741278,41,1
0.5042614340782166,12.068603081333146,57,1
0.5550653338432312,16.124617358433262,32,0
0.2287341952323913,7.772078204171123,56,0
0.4516946077346802,43.71571826454037,56,1
0.2438343316316604,14.162346662505705,31,0
0.3817936480045318,28.07446972071923,26,0
0.3546401858329773,39.5987212570687,8,1
0.3252103328704834,39.19120546878568,16,0
0.2710241675376892,21.91931292920965,52,0
0.4338984489440918,23.812865429336284,8,1
0.4743134975433349,49.73508744675125,23,1
0.3711605966091156,33.7298738489512,41,1
0.4018566608428955,40.73192215589413,14,1
0.3658471405506134,45.1276984609616,58,1
0.2441174387931823,39.37949181146696,38,0
0.4062400460243225,9.25896724767838,1,0
0.318842351436615,28.10853668687861,14,0
0.4199897050857544,5.094707865727244,44,1
0.4313376545906067,32.64610632819992,51,0
0.5730879306793213,47.76747140939055,55,1
0.4641322493553161,25.636603215005564,51,0
0.4027554988861084,21.64862464338836,4,1
0.3819594979286194,1.7921375709081588,43,1
0.4531909227371216,47.98872611646102,6,1
0.4344959557056427,5.150134206507939,4,0
0.1877439618110656,2.0539546652423466,41,0
0.6184476017951965,12.303330575246925,28,1
0.4668125510215759,3.276521695919121,38,0
0.2265338897705078,22.75589212058812,51,0
0.5122435092926025,25.80439006285562,4,0
0.1776060461997985,15.628497451429196,31,0
0.3678227066993713,2.548024128744303,50,0
0.3707844316959381,5.580018412461335,26,1
0.4578725695610046,19.225218899496404,31,1
0.3216291666030884,3.0264225413268067,29,0
0.5205855369567871,34.90948628049567,54,0
0.3955571353435516,10.351027076240598,2,0
0.3932643234729767,15.103578439181923,52,0
0.6573747396469116,19.706288858904877,48,1
0.4805982112884521,20.830481653457397,48,1
0.2853725850582123,0.0830353837400266,24,1
0.3744612038135528,5.603518549934877,30,1
0.5321816205978394,43.1382281870439,22,1
0.3672595024108886,0.0616531255954067,15,1
0.3843733966350555,25.408367790643755,52,0
0.2259783148765564,24.475100325360405,30,0
0.5254427194595337,16.65470805053189,43,1
0.4491919875144958,21.56635100732248,6,1
0.5815851092338562,39.029056876329214,47,1
0.1511747688055038,42.06018531074782,39,0
0.4532315135002136,13.017427170762502,59,0
0.4785933792591095,16.124522048386492,8,1
0.4566877484321594,12.124142651416635,32,1
0.6652427911758423,23.99317002755325,30,1
0.3564274907112121,34.16291788294065,32,0
0.4859625399112701,11.412643773171029,3,0
0.3710429072380066,16.536787102743332,28,0
0.5198812484741211,46.51923087945752,17,1
0.3126588463783264,2.428464492347904,37,0
0.3509254455566406,23.03848026197831,13,1
0.4266202449798584,35.57790207983889,26,1
0.6549474000930786,7.522700577873703,37,1
0.403037965297699,2.3687010002740925,3,0
0.3055455088615417,6.9102685819265375,47,0
0.39877450466156,45.94115967653414,42,1
0.4194266200065613,0.4629890910561707,3,0
0.2376735955476761,9.416098740567593,3,0
0.3434633612632751,1.5641756450822275,51,0
0.2665196359157562,5.531473378110164,16,1
0.3603965044021606,31.007464331414813,51,0
0.4875982403755188,12.081945436954287,29,1
0.4831119179725647,28.46060252153384,20,0
0.3085083961486816,29.509769138306307,16,0
0.2307233214378357,42.47176665448895,39,0
0.4144971072673797,0.237069645593696,6,1
0.4478339254856109,42.66847296711834,24,0
0.3053389191627502,30.9559543213487,20,0
0.479009598493576,8.13717430524788,9,1
0.4502936899662018,38.6468694067642,21,1
0.2278417199850082,42.77457708952929,31,0
0.4939611554145813,12.713174187707866,40,0
0.342471569776535,45.93968404513405,5,0
0.6395457983016968,22.72287151493289,52,1
0.4092272520065307,30.171222716666072,52,1
0.2949700653553009,49.23247668088218,41,1
0.3294448256492615,18.07680393195997,55,0
0.3765953779220581,40.65796729100564,25,0
0.1118069738149643,15.919955891422982,49,0
0.4585968852043152,39.96067611207455,43,0
0.5693056583404541,30.036695943132123,33,1
0.5177806615829468,10.817784761270072,10,1
0.399675190448761,20.701304689461814,33,0
0.1598731279373169,15.881781718178084,54,0
0.2454903721809387,3.905419654018194,59,0
0.6948410272598267,1.491738504984874,26,1
0.6607939004898071,17.323932770359047,14,1
0.3924119472503662,0.951707390874329,44,0
0.2559314966201782,8.274387879088751,4,1
0.390430748462677,36.25916604254344,9,0
0.4804385304450989,35.40456178417939,33,1
0.529729425907135,36.92901932286913,59,0
0.4210779666900635,15.857658556498938,19,1
0.3301121890544891,44.500972855884775,26,0
0.3195028901100158,29.69152740142238,19,1
0.2540892660617828,6.301317087331326,26,0
0.4398113489151001,7.185933072776707,0,1
0.3619932532310486,34.65477134648508,35,0
0.4064480662345886,8.647196822103902,35,0
0.3673637211322784,25.364635079102165,18,0
0.1659049093723297,49.58872379643554,15,0
0.1764611452817917,0.2003802366669749,45,0
0.617254912853241,0.8289900948778461,11,1
0.5542817115783691,49.65422909652533,2,1
0.5870099663734436,29.23194170670828,2,1
0.5638208389282227,6.345498775925656,52,1
0.5237677097320557,44.865109987704685,21,0
0.2146688401699066,44.019015006384606,6,0
0.399962306022644,26.81002065556876,52,1
0.4038965106010437,31.089601493037826,8,0
0.378823310136795,13.659359575043815,20,1
0.4525534510612488,2.5259848186002576,1,1
0.2601278424263,29.728380444543216,40,0
0.38685142993927,14.737759660138147,41,1
0.1949626058340072,33.1810523330176,45,1
0.6504137516021729,41.81225884213006,15,1
0.367009699344635,0.9080271957182028,19,0
0.3215975761413574,29.78568873428637,56,0
0.5788668394088745,11.564026984342611,49,1
0.2023688405752182,43.69442489519007,2,0
0.4316032230854034,12.683225328091424,41,0
0.4014438986778259,30.538506661770917,48,1
0.5335471034049988,27.677042004480573,33,1
0.3084346950054168,19.808325002962444,38,0
0.2136940509080886,33.8810381799897,0,0
0.3645362854003906,36.2884817357717,1,1
0.5301327109336853,28.34688976596934,2,1
0.3505964279174804,37.921111859237705,9,0
0.6252373456954956,49.17085379964688,59,1
0.4687949419021606,20.96361939504025,38,1
0.3236956000328064,25.729152594276545,46,0
0.4311674237251282,0.6234938970606618,17,1
0.2927075922489166,39.80142781551892,56,1
0.4395935535430908,26.01150335229969,11,1
0.4314261078834533,20.39807151802826,54,0
0.3791688084602356,4.70359815446979,1,0
0.2441996335983276,44.48282108376986,1,1
0.4358108043670654,19.75036200202782,4,1
0.6205983757972717,34.129079910461016,47,1
0.2640863060951233,7.468707818407538,15,0
0.3408631086349487,48.07748147705163,27,1
0.1942369937896728,8.922088091091545,28,0
0.3423852920532226,9.97709964497452,47,0
0.4210779666900635,42.94914302788569,20,1
0.5950770974159241,45.62913720709656,0,1
0.3806800544261932,10.60737037616507,23,1
0.1886838376522064,23.490044408741397,17,0
0.2914880514144897,36.67474522814149,43,0
0.1868425607681274,43.91828669054008,45,0
0.5656626224517822,18.95263475186526,5,1
0.2646152079105377,25.85097434247146,47,0
0.1129264533519744,37.08582052598675,4,0
0.4378156363964081,36.55679883263977,37,1
0.5682231187820435,39.148006501304245,23,0
0.6365315914154053,28.49669093207632,18,1
0.3382980823516845,5.2307548402387605,28,0
0.2296642214059829,45.198664543902,18,0
0.3724322915077209,43.27862696605141,47,1
0.2922202348709106,39.90487179091665,58,0
0.4597858488559723,4.9931238580364745,48,1
0.3104952275753021,10.21986835407146,26,0
0.4289547801017761,37.1800182553826,30,1
0.3912389278411865,1.1570047290973218,26,1
0.5090595483779907,48.961231685363984,47,1
0.2701345980167389,18.85723401778404,33,1
0.2970121800899505,35.96562668454118,28,0
0.3509551286697387,44.37855442440217,24,1
0.341071605682373,19.731494407504112,22,0
0.3905564546585083,15.956624429983302,33,0
0.3731710612773895,30.437056444912336,41,0
0.3729617893695831,29.04946868740253,25,1
0.3460723459720611,20.45699888123986,48,0
0.3166473805904388,30.088737793385423,49,0
0.537460207939148,46.76906847832474,25,1
0.5472601652145386,23.382012831329824,54,1
0.1802374124526977,9.837109037531564,10,0
0.3761842250823974,18.860299144150197,55,1
0.4971770048141479,19.70534912965593,17,1
0.4828429520130157,6.555434651310993,33,1
0.1651840955018997,8.143575027727746,17,0
0.6025707125663757,34.22810366968386,26,1
0.3625244498252868,16.973887710445133,20,0
0.2877757549285888,47.74491959279038,42,0
0.1474819183349609,12.17983726793037,4,0
0.3438799083232879,4.9462252552411154,50,0
0.4249289631843567,37.6752281500129,54,0
0.6799356341362,44.05180259589351,33,1
0.1846567094326019,13.905667843574394,32,0
0.3366156816482544,10.104405082273898,41,0
0.3635456562042236,9.288306743554358,11,0
0.3875649571418762,26.100615068325617,44,1
0.5610349178314209,23.420832062338548,13,1
0.4556368589401245,12.97199199272671,40,0
0.4989890456199646,2.258655849471319,18,1
0.558775782585144,24.074567016314035,44,1
0.6485210061073303,47.96661738178042,47,1
0.4184340834617615,32.62596003763316,12,1
0.2849084138870239,24.77532783143092,37,0
0.5385133624076843,5.534603701480806,29,1
0.3835105001926422,12.621814527479364,17,1
0.3943254351615906,14.738697478727136,35,0
0.2361584454774856,38.240177630361714,59,0
0.3927185237407684,43.83553986323096,0,0
0.5027942061424255,45.08209267832192,57,1
0.5278919339179993,49.228430412537705,51,1
0.3836501240730285,49.11833415522662,31,1
0.2056754678487777,47.64995663839907,36,0
0.3481284976005554,3.591107025144219,22,0
0.5208141803741455,6.889676796390259,7,1
0.2588245868682861,15.223326323801643,34,0
0.6780651807785034,27.644912703223078,48,1
0.5145367383956909,4.848894435273965,13,1
0.448531299829483,42.289847890107126,43,0
0.6931647062301636,30.83780895386545,44,1
0.3308022618293762,27.118220115110248,45,0
0.5639524459838867,8.265566168364558,20,0
0.5711290240287781,12.662773720009868,23,1
0.4467218518257141,8.015601249112903,24,1
0.3099901080131531,42.59665788973993,51,0
0.2426570355892181,29.21139300306091,54,0
0.5378124117851257,36.75647137598167,24,0
0.5687347650527954,14.801643145501286,58,0
0.5444480180740356,18.56263185441386,34,1
0.3254480361938476,20.24274822132669,23,0
0.3692445456981659,38.00074858720174,0,0
0.5076388716697693,38.617649383728406,36,1
0.2604666352272033,10.340676375701586,38,0
0.4320585131645202,47.07694283690495,58,0
0.2938323616981506,6.03276687218432,43,0
0.4372492134571075,44.80610412118152,1,1
0.3402411639690399,5.019782282490465,34,0
0.4547226727008819,13.226990557565554,44,0
0.4376398921012878,42.323926803397846,29,0
0.4685049653053283,8.974603617304371,25,1
0.6243138313293457,20.67839656549849,48,1
0.4362159967422485,22.49296499720631,36,1
0.4690065085887909,12.262948651160482,40,1
0.3493976593017578,35.51226006679933,27,1
0.3691150546073913,42.56673247011019,16,0
0.6755359172821045,43.72875699277859,31,1
0.4395728409290313,16.96610728682805,57,0
0.3679051101207733,26.54251971439072,36,0
0.6809094548225403,12.420320193282574,42,1
0.4320876002311706,12.239825077507271,7,1
0.4808925986289978,8.062703142596206,59,1
0.3051491677761078,47.00095054037573,14,0
0.6529918313026428,44.399441430279,58,1
0.4042794704437256,38.86793566638461,26,0
0.2172276824712753,25.88307606438645,55,0
0.3989985585212707,24.530395775593597,53,0
0.4621569514274597,26.487283309124894,45,0
0.7277569770812988,26.828400678854464,54,1
0.6011918783187866,21.72815423488452,36,1
0.4416280686855316,6.587741644603373,50,0
0.4887440800666809,6.2831926434268,10,1
0.2455111443996429,47.61248579228416,4,1
0.6995787620544434,24.101537979317527,32,1
0.3914157748222351,47.660276245259446,48,0
0.3301173746585846,8.178843885505499,45,0
0.4974603652954101,27.72082760199668,31,1
0.3302787542343139,10.385862667576962,31,0
0.5178065299987793,12.659230306330077,36,0
0.2918431460857391,1.5027289380589393,52,0
0.5917673110961914,5.9476655370105656,50,1
0.4712319076061249,45.84242038145979,6,0
0.3197928667068481,16.076649574116587,35,0
0.393084168434143,30.406460595729577,22,0
0.4984863400459289,23.25070659946365,47,1
0.4436602592468261,20.022562262263914,30,0
0.3455140590667724,26.594304567303407,59,1
0.3456538915634155,9.361947230767075,25,0
0.3246765732765198,49.43019492597882,40,0
0.4710905253887176,40.915393435193145,6,1
0.4997875094413757,37.08073163657576,55,1
0.5154644250869751,23.437964850697625,9,1
0.3517617583274841,7.6438561063167985,22,0
0.2268142253160476,46.0332929136784,50,0
0.5073283314704895,17.069353369086382,58,1
0.1948000937700271,2.5053344848466885,29,0
0.4312640130519867,17.120183840531432,29,0
0.3147462904453277,39.722851524794216,2,0
0.4459884166717529,31.13543724941041,58,1
0.409038782119751,37.54192923724298,0,0
0.302038699388504,39.68176919311887,1,0
0.4823352098464966,10.59773055402713,28,1
0.6135458946228027,46.18916580465901,0,1
0.0599370039999485,21.89948014601863,9,0
0.5446121692657471,31.95068246320823,37,1
0.6744858026504517,0.1154386293371001,42,1
0.4498731791973114,49.6684249205589,17,1
0.2178143113851547,14.044819298207756,47,0
0.4494261145591736,3.1031553270077614,36,0
0.5144080519676208,22.913102076825695,13,1
0.5390546917915344,6.451502859102087,42,1
0.553614616394043,7.6163355078787855,35,1
0.5878201723098755,31.614140651510507,48,1
0.4096207618713379,19.646369578511663,9,1
0.3214103579521179,46.09262250774975,13,0
0.4270442724227905,15.957824730403502,18,0
0.3400783240795135,36.30900641919506,20,0
0.5577965974807739,23.054971507745385,53,0
0.5486823320388794,32.99756505646394,43,0
0.1696318686008453,29.98476783579952,32,0
0.6731213331222534,23.63919863794991,32,1
0.4190548062324524,47.50305473122186,53,1
0.4558656215667724,17.135682137747793,26,1
0.2119898647069931,8.861775062463629,13,0
0.4372201561927795,33.90470304399141,8,0
0.2841029763221741,42.30037806539544,19,0
0.6719375848770142,2.012686996996188,39,1
0.4125047922134399,22.48163442113403,28,1
0.3137894868850708,44.62438448436632,25,0
0.4855591058731079,37.480930946143374,28,1
0.2957562804222107,49.59038582488141,58,0
0.3283318877220154,26.570690579862188,59,1
0.5233432650566101,32.99978594005756,9,1
0.2441008687019348,15.124014056896408,6,1
0.5099539756774902,47.37677998329961,14,1
0.3838627934455871,18.31677442782681,51,1
0.4286598563194275,36.92553563433143,27,1
0.5781105756759644,20.15701020595409,51,1
0.6624414324760437,28.090946503149965,38,1
0.45860156416893,35.98912675107731,33,0
0.2654147148132324,25.446707587567712,16,0
0.3835053145885467,45.35431634547543,20,0
0.532617449760437,20.965049396390512,8,0
0.5596342086791992,32.35358990716626,31,1
0.4688478708267212,17.118121665002704,16,1
0.3495620489120483,20.40783341155065,17,0
0.270102709531784,22.00250541167762,2,0
0.416936457157135,6.290350915614262,47,0
0.2569671869277954,4.586183952950335,56,0
0.2737096548080444,33.374496157337894,29,0
0.4450669288635254,32.77588691715261,32,1
0.5482809543609619,33.145485710504765,55,1
0.386402428150177,0.9883222671345836,30,1
0.3910921216011047,16.327342133588996,37,1
0.4244676530361175,9.890492362959847,25,1
0.3083222508430481,38.90757112720062,30,0
0.533740758895874,43.0315200698065,31,1
0.2680630683898926,12.334018861307367,42,0
0.4131148755550384,33.39245794239932,36,1
0.4786293506622314,6.4681401729137225,30,1
0.5373120903968811,13.757626280085669,4,1
0.3931200802326202,6.932724811670976,54,1
0.6738374829292297,14.17603832996146,53,1
0.4183955192565918,33.736827367463896,11,1
0.4505068957805633,45.51634550926262,17,1
0.5099483728408813,10.126120396209298,58,1
0.576529860496521,27.10395174753596,19,1
0.2356532961130142,35.06955506217162,48,0
0.1783108115196228,47.64612342427829,47,0
0.403373122215271,30.50302414435869,51,0
0.3127856850624084,12.755346551369035,0,0
0.0416620038449764,31.27390784569681,28,0
0.4010527729988098,16.024558083900807,33,1
0.3987070918083191,48.80641953458539,50,0
0.4929302334785461,19.98380675818184,13,0
0.4637918472290039,34.27138603805071,18,1
0.2000013440847396,1.161379117337924,10,0
0.2997432053089142,20.003072306737767,45,1
0.104804515838623,43.75538066612558,59,0
0.5622021555900574,30.51137222166229,8,1
0.6566988229751587,22.197144319798817,13,1
0.1957781016826629,46.796874971786295,18,0
0.4292765259742737,42.699218807361454,53,1
0.5065350532531738,16.110783691146914,26,1
0.4107329845428467,27.22742010206698,16,0
0.3853450417518616,24.49121280462313,19,0
0.2309581637382507,31.61012500574312,35,0
0.2882565557956695,16.70556334793778,23,0
0.2041948586702346,12.210250038294411,8,0
0.2949146032333374,45.6335917627768,49,0
0.286988228559494,46.19372497492532,25,0
0.7432798147201538,42.16614428809895,15,1
0.2937394380569458,48.91022153822807,43,0
0.7526670694351196,37.24957628898443,44,1
0.5240068435668945,38.23336142809998,9,1
0.2408891767263412,38.12950459813204,4,0
0.4800812900066376,24.03038154711533,2,0
0.2763225138187408,22.822609725713583,45,0
0.2857054769992828,12.011313807450158,37,0
0.342342346906662,32.24095971796452,47,0
0.3644167482852936,14.466006805116727,37,1
0.6105057001113892,12.89042048511772,24,1
0.2862692475318908,29.298068704802738,35,0
0.4613658189773559,20.49911941125216,43,0
0.4477136135101318,10.94283043973161,23,0
0.4481137990951538,40.80280083764156,54,1
0.3288787007331848,43.0284959647188,53,0
0.5883449912071228,8.384975983889047,48,1
0.2876131534576416,0.3753516399999934,59,0
0.5236564874649048,16.806498426468686,23,1
0.3406948447227478,39.87554178403763,6,0
0.3720161318778991,41.95869331171623,29,1
0.3651404976844787,6.916453505802461,44,1
0.570650041103363,38.71679505915256,46,1
0.5581254363059998,5.7852083654714725,23,1
0.1654767394065857,19.50312950782646,17,0
0.2985097765922546,49.93047575059579,26,0
0.3632369041442871,9.629541161545491,48,1
0.5714489221572876,7.698179128881321,3,1
0.6354667544364929,21.14001662733968,19,1
0.2108030319213867,30.98342629849307,13,0
0.4004838168621063,46.64503912066266,48,0
0.4861724972724914,49.04105727665171,28,0
0.4206775724887848,3.482031829569732,5,1
0.3894491493701935,6.8998758673952665,15,0
0.6302937269210815,39.536898694799696,2,1
0.377476155757904,13.531607613543024,28,1
0.4085199236869812,44.24245297531803,59,1
0.5177412629127502,33.17266286145434,34,0
0.4049501419067383,5.592240119033859,52,0
0.5450855493545532,41.62646424620036,44,1
0.3322835564613342,8.817819000403793,52,1
0.3781507611274719,21.17476973398269,18,1
0.5996490716934204,27.6092464279665,57,1
0.2553920745849609,25.038307454013918,14,0
0.3002910017967224,34.30814578075752,26,0
0.3976237773895263,32.63433674346276,40,1
0.2958226799964905,49.60210027640274,17,0
0.6164738535881042,49.971095461209394,15,1
0.1840813755989074,25.822970131782046,7,1
0.4011864364147186,4.759954348043199,0,1
0.5107969045639038,36.39216494843592,30,0
0.2634597718715668,48.83320391082946,59,0
0.3080388307571411,15.916319381451016,13,0
0.333875834941864,23.06044429187869,26,1
0.2302489280700683,21.2388462407728,56,1
0.6928744316101074,2.570957727846468,46,1
0.5269941687583923,33.61322156117224,0,1
0.5036755204200745,17.66688475342339,30,1
0.5722165107727051,39.37319373157512,8,1
0.5285826921463013,41.606003764099306,14,1
0.4206059873104095,41.06153932989227,14,0
0.114209696650505,20.833299901994007,36,0
0.4294515252113342,16.077284112044975,11,1
0.2694419026374817,37.44103898335274,15,0
0.3448794484138489,40.06947169213615,13,1
0.2185541093349456,24.562872319568307,21,0
0.1370370388031005,44.65155097681515,39,0
0.4047940969467163,7.195434803927913,23,1
0.7285323143005371,43.95343898294801,19,0
0.5665587186813354,4.804761648594064,31,1
0.4421328604221344,7.676276102730695,36,1
0.4305025339126587,26.692000663698018,0,0
0.4535541534423828,3.3759240093707508,53,1
0.1548418253660202,2.640355070005518,54,0
0.4308377802371979,0.025937208285276,36,0
0.5313743352890015,21.81583298471316,34,0
0.5000319480895996,38.73119406461149,41,1
0.4463891386985779,1.7419175139957832,26,0
0.2684465050697326,32.61288032329277,21,0
0.4693866670131683,41.15636587080933,21,1
0.4423702359199524,8.400042428893556,9,0
0.285759687423706,7.343186741070212,50,0
0.1882160305976867,43.0400486810268,19,0
0.4233196973800659,41.15623049750474,17,1
0.5841876268386841,26.947088313209346,57,1
0.4862322807312011,40.95999396469902,30,1
0.5743793249130249,4.6378038712247385,37,1
0.5011100769042969,19.72407589693772,14,0
0.4567840695381164,36.88987780531864,16,1
0.4433023333549499,12.872597966198168,43,1
0.2646152079105377,37.61644572167764,27,0
0.5592383742332458,25.208930219540694,8,0
0.3849912285804748,37.51329939741165,50,0
0.4201230406761169,23.23398189286648,24,0
0.348242700099945,18.39521701109088,40,0
0.4500274062156677,10.959460823931616,20,1
0.5572460889816284,10.418967071750751,33,0
0.3641391396522522,37.5745405285698,46,1
0.3597789406776428,5.945517401698025,53,0
0.4985478520393371,4.299117505547256,12,1
0.1709804236888885,8.814568251106508,40,0
0.2686521708965301,8.767325572696095,54,0
0.6115256547927856,41.155381140344986,38,0
0.3648887276649475,19.92533117371062,8,0
0.1252893954515457,49.51942286802412,11,0
0.2889418303966522,6.86056288953062,12,1
0.4316712319850921,32.67699128468217,6,0
0.3004547357559204,22.43647536006253,45,0
0.4125940501689911,19.6459088348537,57,1
0.2527757287025451,43.75420995270412,31,0
0.3505765795707702,48.779782291419984,35,0
0.2247187048196792,43.642947938708936,46,0
0.4928616881370544,9.615033951756653,24,1
0.3528339266777038,11.039896060446702,28,0
0.4705038368701935,32.803693954753165,35,1
0.583053469657898,14.454179081909585,18,1
0.3949201703071594,36.73625653902899,3,1
0.7383214235305786,28.321032540482232,34,1
0.5351831912994385,27.545438424520142,49,1
0.5674196481704712,41.42734624193929,4,1
0.2718342840671539,35.52663858713389,12,1
0.5025637745857239,1.3288882498645849,15,1
0.3042903542518616,2.472956857300784,48,0
0.6271905303001404,30.077922622800784,30,1
0.5891997218132019,24.309603781113776,32,1
0.3014247417449951,13.00923276714957,38,0
0.3968332707881927,20.932804365740083,16,1
0.2934521734714508,37.89551593664303,42,0
0.2670679688453674,41.3305742328965,1,0
0.226838082075119,28.06115339450221,6,0
0.5351696610450745,19.26847404285515,48,1
0.4639314115047455,13.534838074755353,39,1
0.4976093769073486,26.095923538462674,10,0
0.4727177619934082,15.73748092821905,26,1
0.2240621149539947,28.204756852361147,3,1
0.4780040383338928,33.832619125481884,40,1
0.3351927399635315,3.303960545969742,45,0
0.5357447266578674,0.0533732511373619,16,1
0.3928112089633941,10.613856942037147,21,0
0.2513033151626587,44.725574885939054,14,0
0.4503856003284454,32.31453816142796,23,1
0.2716020047664642,8.598017596851143,16,1
0.2164940237998962,44.51319809118094,14,0
0.2738166451454162,23.497797014367,25,1
0.3650547862052917,23.804587833933034,51,0
0.6569222211837769,46.77709719213276,45,1
0.303634762763977,2.974334609167001,17,0
0.2681257426738739,10.758913731435928,56,0
0.2983549237251282,29.28856625773612,12,0
0.5888845920562744,9.774325479100204,54,1
0.5332463979721069,33.97635046044789,18,0
0.3051347136497497,10.70461446683601,32,1
0.3343152701854706,4.957848529940717,12,0
0.3888121843338012,10.349257982041989,45,1
0.3811938464641571,21.136701713603117,19,0
0.5233423709869385,8.806914958653994,52,1
0.6869065761566162,6.734601246167365,4,1
0.6152535676956177,43.01409431094704,30,0
0.405675858259201,16.019860179865393,9,1
0.2297173142433166,18.03793432591268,53,0
0.2271886765956878,2.763520475061382,25,0
0.2127489745616912,17.86848117510271,40,0
0.2426570355892181,13.240358866078983,52,0
0.4068038165569305,30.524253367089425,32,0
0.1392512768507003,10.269514883620335,3,0
0.4558535814285278,44.418272653142026,13,1
0.2169211059808731,46.48333104597776,12,0
0.343674898147583,4.99155285883951,54,1
0.3430409431457519,5.370147814428861,54,1
0.2488426119089126,5.766321905549399,28,0
0.424282968044281,30.9784628155156,53,0
0.4072924554347992,6.098448210481145,14,1
0.415561318397522,42.619115896513314,40,1
0.3512585163116455,37.71357574689462,23,1
0.3718024790287018,40.990442911901205,14,0
0.3948283195495605,26.303026344301045,15,0
0.5867535471916199,49.83386057595767,25,1
0.5906686782836914,2.2087551472080635,20,1
0.3418300151824951,20.063248209305662,12,0
0.1605741381645202,16.196833446881808,20,0
0.4359703063964844,47.43227493563205,7,1
0.4375201463699341,28.843047924879645,58,1
0.2705691456794739,40.30954827223626,22,0
0.2980667352676391,8.517059682925943,6,1
0.2824323177337646,48.93170719502194,34,0
0.2255899310111999,24.93197734381576,52,0
0.5968117713928223,24.68360381353229,21,1
0.4238969087600708,48.54423642728689,50,0
0.2834197878837585,19.03661806085725,36,0
0.4520222544670105,19.87625122774965,44,1
0.2875938415527344,29.23763514024683,17,0
0.5550585985183716,6.402630527389347,2,1
0.2968831062316894,16.054281320592743,20,0
0.5853995680809021,9.660416122256526,55,1
0.3890112638473511,5.16417395535248,47,1
0.5648225545883179,43.307230316551006,47,0
0.3941454291343689,29.4665583063738,52,0
0.3448997735977173,17.93363957639556,22,0
0.3583127856254577,20.43346886833564,19,1
0.1552540957927703,21.57595018436773,55,1
0.5385915637016296,31.657459107235468,34,0
0.0860103219747543,46.33846957444966,17,0
0.6819673776626587,46.63898098284913,16,1
0.5493332147598267,19.57459897653317,52,1
0.4793569445610046,16.463122979888478,3,1
0.3245207071304321,22.552325009262752,3,1
0.2835236191749573,28.396711521424628,44,0
0.2684039175510406,23.09089557248741,0,0
0.6077334880828857,32.937670490835046,10,1
0.3173457384109497,27.71995116898818,59,1
0.4209401607513428,16.035777334703806,25,1
0.5617411136627197,17.28654028813163,43,0
0.4178270101547241,18.929639377986547,29,1
0.3685131072998047,4.731988412469434,5,0
0.7129254341125488,8.303131620698656,11,1
0.4565016329288482,36.15569010726931,45,1
0.3096882104873657,19.454835576104003,5,0
0.5035572648048401,10.726948628007182,35,1
0.4005404710769653,28.133620528742863,20,1
0.2803480625152588,37.776977123671365,22,0
0.4803664088249206,12.871118117268573,57,1
0.6879761815071106,41.33949409618722,36,1
0.5940471887588501,46.37524298125248,36,1
0.3873810172080993,29.869726453692035,21,0
0.3923665881156921,33.44738294957898,22,1
0.3402533233165741,2.628799516152769,41,0
0.4640321433544159,47.27599455109532,2,1
0.4118771255016327,19.62423671324719,14,1
0.3695322871208191,46.1950200272715,36,0
0.508427083492279,28.948876237512128,37,1
0.6074123382568359,0.2309399421663804,5,1
0.1925062537193298,1.9270999661717856,47,0
0.4586523771286011,34.020940283496095,32,0
0.1517185568809509,28.133400691596652,14,0
0.187540054321289,1.3266218603037172,45,0
0.4539556801319122,37.17299806111927,59,1
0.2907893657684326,42.60726685345909,25,0
0.2326299548149109,24.820874121965414,17,0
0.3524820804595947,23.28787201786275,17,0
0.307049036026001,0.2736554417313741,35,0
0.2948636710643768,39.33248562467996,2,1
0.5291039347648621,16.53580333730527,29,1
0.3893029689788818,43.93818098912698,1,0
0.2002320736646652,18.65302937790265,2,0
0.4045563340187073,28.25389553153528,25,0
0.472608357667923,13.517089409966376,44,0
0.384704053401947,8.029415629245934,53,0
0.4718727171421051,38.7453951690664,5,1
0.567014753818512,24.82952394231408,14,1
0.3889622986316681,26.824396187612532,25,0
0.393852174282074,48.27079767408677,34,0
0.3242244124412536,48.17899561110768,59,0
0.3135190010070801,42.782106085120176,41,0
0.4233210682868957,9.38046463825168,32,1
0.3109475374221802,29.713634715079,3,0
0.4040020108222961,43.90737123277687,4,1
0.422910213470459,18.723196822446887,9,0
0.2924984693527221,5.055308296779248,39,0
0.303540289402008,40.54814511199609,19,1
0.461201012134552,24.08817756810858,14,0
0.3483965396881103,28.219634017958928,40,0
0.3671377897262573,49.10721481589222,48,0
0.4551368355751037,30.360571524703605,26,1
0.3868855237960815,21.24896928330507,52,0
0.33873051404953,18.49921839235989,44,0
0.4148069620132446,20.88096463270228,42,0
0.2598022818565368,5.919954158933438,52,0
0.361808031797409,39.73752792087859,11,0
0.2522097826004028,41.88584290935206,45,0
0.2138612568378448,14.219856728670443,57,0
0.2734104692935943,15.189830920497204,59,0
0.4602121412754059,43.71671281674066,34,0
0.3445035219192505,1.1985177763977728,45,0
0.3152912259101867,26.022872188361383,53,0
0.5498732924461365,23.18378573407505,51,1
0.5641652941703796,34.506338478922984,53,0
0.2915595769882202,8.169585007472724,49,0
0.6685104370117188,33.416537039757685,22,1
0.3803739547729492,18.836700393743826,43,0
0.2138134688138961,30.9357389084821,24,0
0.4991037547588348,2.004750493638796,48,0
0.3808676600456238,23.086359859225468,48,0
0.5988601446151733,26.112544699118605,56,1
0.3275063037872314,10.71632014274933,35,1
0.4579193592071533,6.981182708956036,28,1
0.5784446597099304,9.42371515061507,9,1
0.4317335784435272,17.207053903167402,38,0
0.4917187094688415,4.840507465248573,33,1
0.6754626035690308,47.36598978648022,30,1
0.2232913672924041,20.249703074790865,40,0
0.4122763574123382,40.44848012533745,51,1
0.4260837435722351,48.720856155442334,8,1
0.482535719871521,4.036764000136955,25,1
0.4709794819355011,32.5834733967497,43,0
0.4630614519119262,43.570454337060696,49,0
0.4257968664169311,31.71172169833641,46,0
0.5374045968055725,21.45130606787064,47,1
0.3737375140190124,21.553817881896915,51,0
0.5121468901634216,1.7949443003679455,57,1
0.374114990234375,26.730037564463764,36,0
0.2161725014448166,49.67714983934237,14,0
0.5568928718566895,47.93537629859671,33,1
0.6124057769775391,2.0199614421081598,42,1
0.4447899460792541,35.28985018147441,6,0
0.4180143475532532,15.08824333484654,45,0
0.3014273643493652,45.14945767030684,32,0
0.5900301933288574,2.255737285463927,56,0
0.6527299284934998,46.79370510055403,12,1
0.4905530214309692,41.87378718938884,54,0
0.2176800668239593,5.875219112630076,26,0
0.1664677560329437,2.99121686586496,34,0
0.3602258265018463,41.7353832163468,39,1
0.6009214520454407,7.787883548728969,34,1
0.5827619433403015,26.744907648793525,54,1
0.2540227770805359,45.78724289393548,10,0
0.4036800265312195,28.372405677466165,43,0
0.5779068470001221,19.861665073641205,58,1
0.4755520522594452,22.25080274269961,13,1
0.323907196521759,3.155858535193551,15,0
0.2364791631698608,48.43761606807994,28,0
0.361808031797409,15.532709254054138,43,0
0.5913935899734497,9.468174583642693,57,1
0.298430323600769,14.302365092019764,47,0
0.2331928014755249,48.21865974457394,47,0
0.4210517406463623,4.714302674400351,26,1
0.3124468922615051,43.36515202505907,38,0
0.2696737647056579,35.39219472007239,12,1
0.182795763015747,41.50095895795141,27,0
0.2531834840774536,48.794877018394814,11,0
0.3890515267848968,42.1077327758436,1,0
0.3588074147701263,47.16911756389264,51,0
0.3208387494087219,6.346762839545988,48,0
0.0909630060195922,39.7894282583485,30,0
0.2624918222427368,27.283784704052387,0,0
0.5010315179824829,27.174779753993032,5,1
0.7437565326690674,44.94607881602568,6,1
0.3568296134471893,48.59019093233557,43,1
0.689910888671875,35.24191615215905,12,1
0.3148481249809265,24.1469194735892,15,0
0.796297550201416,22.820192895092266,51,1
0.2975191473960876,19.31707286115909,52,0
0.4139869213104248,18.07995147863313,45,0
0.2863892316818237,19.57534208422157,18,0
0.290693998336792,4.487661762559764,34,0
0.4158073365688324,3.871804263021911,12,1
0.5897229313850403,38.99349219361559,51,1
0.6764997839927673,22.303644646011307,5,1
0.4696701169013977,46.534224427231024,44,1
0.5347777605056763,30.611050429697624,30,1
0.363736629486084,1.7587991092209876,45,0
0.4912503063678741,7.876167065873973,27,0
0.7456742525100708,10.290989650650378,9,1
0.5079259872436523,48.78680121948303,45,0
0.5919375419616699,10.935211307581744,37,1
0.4392419457435608,25.78778381440257,27,1
0.5494067668914795,46.80884658200981,22,1
0.3375192284584045,48.859636495717865,20,1
0.3350917398929596,11.818021769177228,28,0
0.4502181112766266,2.4558821875020067,15,0
0.382715106010437,7.680091626887925,16,0
0.2833935618400574,3.1664239351279044,16,0
0.4234751164913177,9.75621205461682,0,0
0.3285112380981445,28.42848573518677,55,1
0.4987975358963012,45.62243981478209,14,1
0.4174653887748718,26.860944184717,9,0
0.6615535020828247,31.29947783495404,9,1
0.5057549476623535,10.093362580477056,59,1
0.3061086535453796,40.02918103369251,28,0
0.5471860766410828,30.88944542527916,19,1
0.4081841707229614,43.20684145963624,24,0
0.3420114517211914,47.442155350289205,5,0
0.2765090763568878,17.395038787829613,18,1
0.430981695652008,4.528952926771968,14,0
0.390201598405838,11.296447895839124,48,0
0.3413861691951751,21.89207828379186,3,0
0.3605250418186188,47.284682591223664,25,0
0.5382015109062195,18.91549111867076,47,0
0.4487112462520599,38.5386606832685,50,0
0.3220202922821045,27.02383460853775,30,0
0.5867002606391907,9.140438521548829,13,1
0.4027097821235657,16.03670594767258,20,0
0.444278359413147,32.65959425114093,13,0
0.2608395516872406,33.64266973424467,39,0
0.5959471464157104,21.737987340452307,17,1
0.5798326134681702,11.432280133105731,37,1
0.1629237979650497,36.095338975633815,39,0
0.4252395629882812,8.443652080635738,56,0
0.3612187504768371,46.83348459325633,22,1
0.2584635019302368,9.395178951823835,57,0
0.5487581491470337,5.365618141626022,24,1
0.3064600825309753,24.88238511826894,40,0
0.6631356477737427,25.977479905484703,39,1
0.4601581990718841,25.40964573891224,49,1
0.5347970724105835,21.83337446694197,28,1
0.3018422722816467,49.74074464148042,47,0
0.2976666390895843,24.314030633529093,21,0
0.3701348304748535,23.89732903699155,29,0
0.4461665749549866,21.088303135728065,29,1
0.2673597931861877,3.341287735073145,42,0
0.3080136179924011,29.647831557480803,37,0
0.3487843871116638,11.398388611159122,4,0
0.5632345676422119,31.88044901145249,48,0
0.2275974005460739,2.5416730974238577,45,0
0.3870001435279846,49.06935506265008,6,1
0.6139650344848633,23.45025395063361,57,1
0.2402843683958053,44.83776857953493,39,1
0.3277090489864349,23.77805866164674,5,0
0.2074045836925506,3.0165409287110867,29,1
0.358970046043396,41.11067730469035,50,0
0.2659228444099426,32.40918648335672,16,0
0.1014334112405777,39.08785237869726,55,0
0.2139478176832199,21.408493175443667,25,0
0.4418126940727234,31.896837212332247,13,0
0.3948239386081695,42.81145018983037,21,0
0.4230647385120392,31.553272143594373,31,1
0.1913382858037948,17.383681741795165,41,0
0.3517999053001404,33.126479718309994,55,1
0.536255419254303,33.592709430703366,11,1
0.3402398824691772,48.02934812533125,57,1
0.2615672349929809,18.54561607708346,31,0
0.3661340475082397,21.25408837570656,7,0
0.4539395570755005,40.60614805935296,55,1
0.5016731023788452,25.288115737137066,20,1
0.4265498518943786,36.82865465578665,37,1
0.5280189514160156,22.9854732226796,41,1
0.6304651498794556,10.774757090635024,0,1
0.2998474836349487,37.26019213905054,13,0
0.4018363058567047,6.5577584592354965,41,1
0.7271804213523865,9.929183176565404,19,1
0.6111375093460083,31.34124913921043,0,1
0.3709884881973266,37.36349000960349,1,1
0.387769490480423,44.73439434339075,49,0
0.5624499320983887,13.629324870794584,9,1
0.4407880306243896,5.536212930027718,6,1
0.4588331282138824,47.80233297613145,33,1
0.6850878000259399,7.721154401107122,7,1
0.3178058862686157,9.883349112731976,39,1
0.5623502731323242,14.566472677923286,32,1
0.3110263049602508,26.46956770131437,38,0
0.4652140736579895,44.1412783017039,29,1
0.315268725156784,38.02730113649335,46,0
0.3965742588043213,35.40787769213176,38,1
0.5104214549064636,8.759028392800182,24,0
0.4998681545257568,17.884131576298714,0,1
0.4254939556121826,23.920246304333897,16,0
0.277711808681488,7.371297674279292,7,0
0.3879132270812988,13.671485106333623,0,1
0.4977622330188751,15.416660197642212,16,1
0.4739866256713867,6.363809916451962,12,0
0.2885057926177978,27.51198459541288,4,0
0.4844984412193298,35.251409826209645,18,0
0.2174666076898574,3.496581573843061,30,0
0.3171855509281158,24.05615508815749,10,0
0.3467852771282196,39.11055976338975,16,0
0.3737527430057525,37.39950644762234,1,1
0.3051270544528961,40.7536548109377,3,0
0.1666934937238693,22.412031658530356,9,0
0.2146265506744384,41.02785413199304,27,0
0.4441639482975006,12.037653560713474,39,1
0.4592330753803253,18.04052807087577,47,1
0.3649088740348816,8.817778820890066,37,0
0.2408236563205719,23.37422697142859,37,0
0.5240941047668457,19.603001120772163,56,1
0.2425130009651184,12.04635582071561,15,0
0.4748332500457763,37.58903546153908,47,1
0.2586232721805572,15.692338605582329,56,1
0.2347070574760437,13.640216507291786,34,0
0.4614779353141784,6.544516542524753,50,1
0.3157674670219421,21.941085090097435,8,0
0.5569196343421936,15.1482314418651,52,1
0.2279567718505859,18.46364206704843,33,0
0.3768318295478821,11.799863131027632,13,0
0.5709294080734253,38.157774490995024,3,0
0.2842464745044708,46.50016736773587,43,0
0.3361091017723083,24.896592639444385,25,0
0.5347890853881836,32.149921167041626,18,0
0.4905785620212555,43.3586138303353,23,1
0.2975987195968628,49.94148186668293,59,0
0.5268262028694153,30.675824236491607,25,1
0.4470478892326355,44.48897332699344,4,1
0.5093799829483032,45.4304123277821,16,1
0.52674800157547,39.57257439038112,8,0
0.3683755695819855,23.04656955365551,41,0
0.3112492859363556,4.057700021194965,48,0
0.3508756458759308,0.7902777720066922,50,0
0.2428192049264907,23.86003166414623,37,0
0.2743692696094513,24.71572667673089,46,0
0.3881496489048004,20.36811939314861,25,1
0.2461008727550506,28.408367564568227,37,0
0.4458313584327698,27.608135165221352,6,0
0.402930349111557,41.83065205163465,32,0
0.347398579120636,5.43285516311312,33,1
0.3639363050460815,11.258883305277273,1,0
0.4459083676338196,39.65024894798152,32,1
0.4219489097595215,42.39184336118273,43,0
0.3927874267101288,49.74121068104339,22,0
0.4281234741210937,43.64560081935421,32,0
0.3693870902061462,44.49495035361655,17,0
0.4303544163703918,15.71739713149524,16,0
0.3519356548786163,20.083081700468817,7,0
0.4542880952358246,13.404255241027553,19,1
0.4903364181518554,30.31496990963578,48,1
0.4124607741832733,46.94026771035192,56,0
0.5435360074043274,17.232044325580887,38,1
0.3317970037460327,27.850089094072512,37,1
0.4605502486228943,14.814981522674254,36,0
0.27851003408432,8.489998688635374,28,0
0.3893938660621643,9.759276490932784,25,0
0.4862756431102752,2.897267226906497,37,1
0.498625099658966,47.46467615046287,47,1
0.2974518537521362,20.14398042538148,24,0
0.4148232340812683,41.70604460010541,33,0
0.41243377327919,34.06647363448456,28,1
0.4707649946212768,9.59605807055427,17,0
0.5403257608413696,8.77311232895439,17,1
0.6038300395011902,40.599410075527246,4,1
0.4241039752960205,13.235585530976868,26,1
0.3451555073261261,45.66425918509879,42,0
0.1059749871492385,7.002770234474531,41,0
0.4322157502174377,33.88543072272348,59,0
0.5068368315696716,40.723693801546695,2,1
0.4603805243968963,11.76281942078225,45,1
0.4700832366943359,13.8103681728283,47,1
0.1745685935020446,48.22594430696008,26,1
0.4105633795261383,13.229880267307914,16,0
0.6275655627250671,21.49785249500239,21,1
0.4453794360160827,21.625779662118305,40,1
0.6874068975448608,12.651737496484175,51,1
0.5925269722938538,38.78955432185453,38,1
0.638838529586792,38.59246716145776,30,1
0.3111034631729126,18.91590071118928,39,1
0.1959174573421478,41.75628955403669,4,0
0.7102864980697632,10.65374671995012,36,1
0.5344451665878296,0.2152887833839323,2,1
0.3686517477035522,28.558368102787053,57,1
0.3077499866485595,49.703888622618926,53,1
0.307455837726593,1.9322154913442304,30,0
0.287329614162445,10.399903685423029,22,1
0.4721885919570923,25.94573212435421,43,1
0.5348572731018066,40.49703682224353,38,1
0.6690875887870789,4.452100253752661,42,1
0.3676429390907287,19.761732687944715,30,0
0.4562142789363861,37.35379003149431,14,1
0.3111522197723388,18.57716042031808,4,0
0.4892062544822693,9.441821023781948,16,1
0.6180934906005859,9.774791369829366,31,0
0.4084824323654175,20.502439345749718,25,0
0.3963633775711059,23.97085374029456,30,0
0.212734192609787,43.0907208908007,16,1
0.6071831583976746,32.11262092839968,56,1
0.2629737854003906,34.520097725775074,22,0
0.2486920654773712,49.14935857679535,50,1
0.4059490263462066,20.59217201504869,23,1
0.327269583940506,20.167720162456416,26,0
0.4705895781517029,46.16734838629061,36,1
0.5189378261566162,12.293779350252931,15,1
0.5149433612823486,36.490762315143336,13,1
0.6358745098114014,37.728656910906736,22,1
0.418662816286087,4.889399872272154,48,0
0.427487313747406,23.4115702846792,8,1
0.3302649259567261,10.0281235660777,26,0
0.6693335771560669,9.268763640124284,40,1
0.6594178676605225,23.19140552314381,42,1
0.4549517631530761,14.471485375403248,26,1
0.4912480115890503,39.803022381293545,4,1
0.4222379326820373,45.38024456952412,0,1
0.3543160259723663,40.13603026441828,28,0
0.4624437689781189,13.301543631083264,48,1
0.2193929851055145,13.706719684430418,1,0
0.4858982563018799,12.736417505873373,53,0
0.342268168926239,6.751904802811803,40,0
0.5212843418121338,47.18991840518556,0,1
0.4206054806709289,20.102389907853468,20,0
0.6141970157623291,11.234473727293686,13,1
0.2009972482919693,42.33355252541217,56,0
0.4784828126430511,19.95976513288952,33,1
0.3063075244426727,1.755840555483329,19,0
0.437409371137619,8.09707851248156,16,0
0.526823103427887,31.9625170178085,33,1
0.327949970960617,39.1452637085862,0,0
0.4351511299610138,10.546719424435649,15,0
0.4173015058040619,45.86977946330711,9,1
0.4236468076705932,42.54985600260822,37,1
0.5441461801528931,42.419037703054045,40,1
0.5059568285942078,11.383057339960706,28,1
0.2483310103416443,2.526799432502885,8,0
0.3425511717796325,43.37117697412919,22,0
0.4491822719573974,15.290011436928369,50,0
0.6466351747512817,30.94581905867629,12,1
0.3303614854812622,37.9983441850365,9,1
0.6171013116836548,6.414662925556009,6,1
0.5870640277862549,39.0419177259524,49,1
0.3203405737876892,46.92557294805329,7,0
0.3683806359767914,36.41874828732045,34,0
0.3888839781284332,22.061137424027905,59,1
0.3291904628276825,43.83390693758514,38,0
0.3328873813152313,26.372881503627948,24,0
0.5030657052993774,37.238546390837705,12,1
0.1259240210056305,41.0252971929302,0,0
0.3823027610778808,37.467643084950296,9,0
0.3062217831611633,14.3927438024077,57,1
0.2515816390514374,5.892195045291554,8,0
0.1995798647403717,11.916926468103007,1,0
0.2339139729738235,25.143746849017663,48,0
0.2982403039932251,25.263846114654797,25,0
0.2918263077735901,29.13221746572688,21,1
0.3493997156620025,19.75509187739454,43,0
0.4080462753772735,39.344569072501386,31,1
0.2373990416526794,45.65768751736039,54,0
0.2147522121667862,12.336252673973563,28,0
0.5388041138648987,36.8261608850944,42,0
0.2986615598201751,33.898592627252235,52,1
0.6365121603012085,26.15452496396575,27,0
0.568179190158844,9.426511693708012,17,1
0.4499827027320862,39.761612929135474,58,1
0.3309903442859649,48.03131428144163,13,1
0.3092176616191864,36.09181661168067,2,0
0.3879876434803009,45.8929998312867,34,0
0.4472765326499939,49.20926324739999,59,0
0.4116646647453308,17.60253371196191,5,1
0.2310782819986343,31.911177646316848,50,0
0.4318512678146362,23.6966368819039,49,0
0.6121917366981506,49.331437343161504,55,1
0.3797224760055542,4.690391200386246,25,0
0.3786845803260803,20.61874571486123,15,1
0.3636963069438934,43.77695222636181,30,0
0.3521627783775329,14.202565526325772,8,0
0.3639901280403137,39.38964253194364,50,1
0.2975279688835144,19.139158139012785,39,0
0.432470440864563,48.99892699450791,28,0
0.3413286209106445,44.17649182118538,30,1
0.55195152759552,15.066017883130767,42,1
0.2420383095741272,38.50965567689276,31,0
0.2745576798915863,16.842827191663435,50,1
0.3310370147228241,30.318142010776757,55,0
0.2769061923027038,32.9240384196646,56,0
0.5402354001998901,41.47977045428525,37,1
0.6158530712127686,1.222542044100744,44,0
0.4375996887683868,11.007894557614984,18,0
0.3411194086074829,35.595890529428935,2,0
0.2797989845275879,28.176161848476863,24,0
0.396007776260376,24.780253910057155,52,0
0.249064639210701,2.760497835399023,8,0
0.4041543006896972,17.413794173072812,32,0
0.381267249584198,43.255011595532416,11,1
0.4287373423576355,1.5446418518016092,25,0
0.3018876612186432,19.821811768240604,8,0
0.3073161542415619,47.25741438353863,44,1
0.3073984980583191,2.544036727250732,48,0
0.4885554909706116,37.48528755223184,45,1
0.3771645426750183,12.880630809101824,42,0
0.4084793925285339,43.330441607683625,14,1
0.6240332126617432,37.303398947968255,31,0
0.4804263114929199,44.28525854291814,6,0
0.388560026884079,10.7962395215633,22,0
0.40597665309906,26.564637740930248,30,0
0.5320722460746765,38.96349717874004,40,0
0.2486424446105957,12.28498714974905,5,0
0.4212919473648071,11.537315263360847,48,0
0.3894960582256317,1.3591066748792513,27,0
0.385574609041214,47.92576469877262,52,0
0.4665634334087372,35.50084400273117,31,1
0.4250568449497223,31.77801770050924,32,1
0.1227817684412002,37.19973613474954,41,0
0.3183455765247345,26.58064593477197,49,0
0.3253796696662903,23.80669105452052,9,1
0.4920870661735534,22.476612056176045,30,1
0.4073743820190429,32.021960605182066,1,0
0.1924422234296798,10.07674876961916,28,0
0.407163143157959,44.40293475074348,48,1
0.3363050818443298,40.58761856096326,51,0
0.4038375616073608,17.478180572601694,17,1
0.4813039302825928,28.930464840626215,23,0
0.3009604513645172,7.05136499750073,33,0
0.5074991583824158,48.6173123966799,23,1
0.3348911106586456,45.14463438151417,10,0
0.337649255990982,46.09487532496002,18,0
0.5549520254135132,16.60815238517258,24,0
0.445525974035263,8.456735369142788,31,1
0.4071613550186157,10.588608173315516,55,0
0.6361161470413208,4.500069552254493,32,1
0.4958060979843139,6.005531505069217,23,0
0.2529222071170807,3.5652267092422694,39,0
0.4763534665107727,49.49115346024367,46,0
0.4291732311248779,3.70288416845368,25,1
0.1422101110219955,6.627104047570681,29,0
0.3641592264175415,41.36272977953682,13,0
0.2649360299110412,29.012010837147155,51,0
0.5969448089599609,38.72086022846662,52,1
0.397940993309021,31.54560038863275,10,1
0.3011753857135772,44.1087535164474,20,0
0.4564217925071716,31.923376388237028,16,1
0.3659216463565826,26.106254645157545,55,1
0.3145007491111755,35.63748468806499,3,0
0.5925865173339844,22.369637589605475,12,1
0.3836105763912201,17.303191145236735,18,0
0.5752429962158203,23.382622622510624,33,0
0.3900948166847229,8.485705254928034,14,0
0.489732563495636,39.82858649013457,32,1
0.2649360299110412,13.035189066797232,44,0
0.2610799670219421,7.676577316852374,49,0
0.2872799038887024,12.31761208916134,5,0
0.4807533025741577,42.10350758861199,8,1
0.5040313005447388,16.51006477988657,5,0
0.2920225858688354,34.30249347529501,54,0
0.4791153967380523,42.82048153278696,39,1
0.2682182490825653,3.887233346252106,31,0
0.335944801568985,38.251220258902144,47,0
0.4296904504299164,15.3832733189515,35,1
0.3377761840820312,10.831118209202137,14,0
0.4962828755378723,34.44507262264861,30,1
0.5193967819213867,45.48983113666169,42,1
0.2652869522571563,14.75096043561977,2,1
0.1514794528484344,28.441690269215957,36,0
0.507568359375,14.491705692474577,29,1
0.3883495330810547,27.7142792863214,4,1
0.3857508301734924,31.09310153271703,15,1
0.4404470324516296,30.51676943950899,26,1
0.5333298444747925,31.17731848213729,20,1
0.4617426693439483,6.7539896108762045,17,1
0.3953888416290283,34.67702347933598,38,1
0.5906975269317627,33.73751781901117,24,1
0.3253727257251739,34.12940611084416,29,0
0.5617353916168213,3.703527636935316,47,1
0.4299115538597107,22.341942120707632,5,1
0.3441036939620971,20.451756602286487,21,1
0.2200254797935485,4.335574182159957,4,0
0.5232030749320984,11.118396394840534,55,1
0.5678141117095947,22.04813158990184,11,1
0.3807876706123352,37.14531549290411,49,0
0.5475848913192749,11.85310384923316,11,1
0.1849742382764816,41.48749550624557,19,0
0.5188709497451782,27.28991428697317,36,1
0.4887509644031524,38.02108425923088,49,1
0.4246503710746765,23.627799166842856,10,0
0.5670540928840637,24.959711271111168,12,1
0.3072404265403747,30.98596946898201,52,0
0.566483736038208,46.39853040829121,19,1
0.4863466620445251,24.590629070645495,12,1
0.5648259520530701,26.43287690541455,44,0
0.273619532585144,30.09984817637648,5,1
0.565230131149292,36.87575686488629,52,1
0.4323632717132568,3.592516774311716,52,1
0.6070923805236816,25.784371926098604,51,1
0.3090510964393616,24.07957946030217,17,1
0.4280268251895904,46.08424921187852,6,1
0.1713728308677673,24.675329021817056,25,0
0.5434056520462036,23.41602673471655,20,1
0.3453711271286011,48.1099994267351,57,0
0.7007851004600525,22.52882318004408,37,1
0.501298189163208,9.044221516104518,56,0
0.352561742067337,10.845806140289415,45,0
0.2104416787624359,4.759376916848707,42,1
0.5055134296417236,0.0284064629472224,6,1
0.7396493554115295,21.597283050024096,4,1
0.4378443360328674,38.46212906491108,2,0
0.4217154383659363,36.6733221399918,35,1
0.3626080155372619,1.6074543901425098,12,1
0.3593271672725677,28.49914517970165,59,0
0.3728086650371551,7.7141562706738,7,0
0.5261589288711548,47.053814238234864,56,1
0.4489578008651733,8.368249982208964,40,1
0.3655554354190826,31.33196088487408,6,1
0.3341808915138244,16.31191810820284,3,0
0.226390391588211,32.078066298217614,23,0
0.3377863764762878,20.61292982320376,20,0
0.3364584147930145,37.98215261531973,18,0
0.3590948581695556,11.533956266392892,31,0
0.4737537503242492,45.28959264571301,7,1
0.3058730363845825,25.010482465667604,7,1
0.6915871500968933,37.80465738564264,41,1
0.2776618003845215,42.48650957006135,59,1
0.3007838129997253,49.94143054774025,16,0
0.2998997867107391,11.197283279697912,55,0
0.468237817287445,14.344620678172742,20,1
0.5091657638549805,12.521654336594413,20,0
0.4711519479751587,13.143566607989133,5,1
0.2729658484458923,29.122237076968872,25,0
0.2326320260763168,49.67612615729215,29,0
0.2663753628730774,49.51390435463773,39,0
0.5738140940666199,26.338661568115384,9,1
0.4880936443805694,31.95136051323369,11,1
0.618776798248291,42.9985271850803,25,1
0.3577282726764679,46.64667292267526,4,1
0.7036105394363403,10.193031366477197,8,1
0.4749137461185455,26.427086447122644,37,1
0.2100551128387451,41.64185273307561,57,0
0.5669963359832764,15.160103831729582,34,1
0.2973726391792297,21.99045212402333,8,1
0.3565992712974548,49.2810550756004,59,0
0.270496666431427,49.25233483604355,31,1
0.5485398769378662,45.30534053825908,43,1
0.4142695367336273,39.92241724140288,11,1
0.4748850464820862,13.456525036140288,34,1
0.150404006242752,16.042503703359372,4,0
0.2755415439605713,27.364142060243736,37,1
0.3431146740913391,28.038868728100606,12,1
0.6151373386383057,25.27514096785335,54,1
0.588371753692627,31.833513995815306,3,1
0.3939434885978699,20.41615113164944,39,0
0.5456979870796204,37.458707865776645,8,1
0.4685682952404022,16.67749632391777,41,0
0.2876167297363281,16.533849847317626,29,0
0.3845114409923553,6.3612980945914,58,0
0.4254489541053772,9.435610501445964,39,1
0.4299170672893524,42.52604394606788,22,1
0.5322100520133972,22.31411692902208,5,0
0.3442226946353912,11.393389327641689,35,0
0.2046805322170257,37.96705500111937,26,0
0.5944302678108215,27.69905629084297,3,1
0.3074157834053039,1.0578005711646743,34,1
0.7004801034927368,15.818072866835758,12,1
0.3823901414871216,8.850070556067053,14,0
0.3193090558052063,32.79364304914203,0,0
0.2281696647405624,13.751552031512643,22,0
0.4190952181816101,3.2473389604971814,13,0
0.28107351064682,2.746749459883463,4,0
0.3710976243019104,29.086364897935745,26,0
0.4843842983245849,1.0861727852044811,13,1
0.6056678891181946,42.43960565680444,8,1
0.402026355266571,7.769855962863781,28,0
0.3768191337585449,30.32831675977149,3,1
0.3461448550224304,22.234401400537283,59,1
0.3799812197685241,22.142576061595125,28,1
0.1994957625865936,3.589857118002293,59,0
0.3386657238006592,40.13761251061078,52,0
0.4462718665599823,44.65262423766263,58,0
0.6622679233551025,0.5508333692114231,32,1
0.7234230041503906,8.930208784855886,25,1
0.2860144376754761,45.19520943977394,43,0
0.4716401398181915,27.47468064000291,4,1
0.2044373154640197,7.501978912410506,50,0
0.3161641955375671,10.139522630457945,19,0
0.4475623965263366,32.99931221185571,0,0
0.5291531085968018,36.24084111234365,14,1
0.3274058699607849,29.97134042899676,14,0
0.3381706476211548,47.65741899562629,0,1
0.4332320988178253,24.70318018308885,40,0
0.3271408081054687,15.013595607126334,5,0
0.4809547960758209,23.861645498789823,50,1
0.4644015729427337,17.983314683330548,27,1
0.2694419026374817,11.220794633734316,43,0
0.3509756922721863,2.2981624670070038,20,0
0.5778685212135315,17.610624678256208,7,1
0.3820374011993408,35.57046738548711,10,1
0.1215686425566673,0.9218901437596904,38,0
0.236186534166336,21.95892566029673,42,0
0.1620007455348968,32.20047007249342,16,0
0.281776487827301,30.52020545871536,21,0
0.4873395562171936,38.8324217944358,56,1
0.4821016788482666,40.52598578298988,51,1
0.3013210296630859,35.58529104596939,24,0
0.4654678702354431,5.139884807237472,14,0
0.3559472560882568,23.751122200218035,18,0
0.5739851593971252,30.17029787438043,32,1
0.5335313081741333,12.27830194047258,34,1
0.4290296733379364,2.1275908823388257,11,1
0.5914419293403625,11.179516043802346,3,1
0.2431129515171051,22.744720086631943,29,0
0.2735553383827209,20.69651595273004,47,0
0.4948709309101105,8.833349066358082,9,1
0.3372010588645935,41.22077713417464,24,1
0.3765972554683685,46.28433343683623,9,1
0.4486617147922516,10.06741595263576,14,0
0.4125719964504242,46.47864577836109,36,1
0.3087838888168335,0.8930479587590412,17,0
0.3868574500083923,46.24812363534727,15,0
0.2717940807342529,47.59643950404539,59,0
0.4364247322082519,0.6025931507962601,10,1
0.3847947716712951,38.1509648388374,11,1
0.561253011226654,48.51007862849217,55,1
0.2455187141895294,45.29511094088892,33,0
0.2519699335098266,48.53550805981065,2,0
0.6317458152770996,27.516175284881967,25,1
0.6480082273483276,3.907806994269414,33,1
0.501002311706543,42.48945989025181,15,1
0.4601076543331146,30.691412790450578,32,0
0.4284724295139313,30.736837209414453,38,1
0.2402955293655395,20.86268049293431,15,0
0.3598400354385376,28.59209882605545,48,1
0.6520799398422241,7.678988954305726,27,1
0.45882648229599,36.98850132830752,57,1
0.3915674388408661,3.750865367577117,5,1
0.182118535041809,36.4890383521896,19,0
0.45840984582901,42.4489211312427,43,0
0.6470808386802673,23.62343387822441,53,1
0.3607577085494995,25.491518302852462,13,1
0.4232915639877319,15.610713646103914,58,0
0.1811466515064239,48.47292918627938,11,0
0.3544873595237732,36.65622372797726,24,1
0.2464131563901901,18.449427665017247,18,0
0.5088276267051697,8.740369311650253,25,1
0.2152673304080963,10.978979610104568,54,0
0.2103541195392608,23.1961143055025,43,0
0.2366960942745208,47.12842001571689,47,1
0.6756998300552368,36.70731728804591,15,1
0.5683343410491943,10.762187408957493,56,0
0.2387556135654449,42.9780566709449,26,0
0.4015222489833832,18.91002615048405,39,1
0.4713099300861358,42.58610913762593,41,1
0.3808881044387817,12.084979899056547,39,0
0.3148073256015777,30.93303059681588,36,1
0.4827942252159118,46.3335244040641,28,1
0.5722712278366089,12.894700457389709,38,1
0.2668851017951965,34.64632952929275,54,1
0.5026972889900208,49.36563099785719,23,0
0.4447188079357147,7.529914362150175,30,1
0.1666346490383148,4.42011453503372,10,1
0.3725307881832123,33.70975962224081,21,1
0.3215059041976928,16.986797387451517,46,0
0.2845392525196075,3.562223868329556,38,0
0.2964196801185608,23.765280894180208,12,0
0.5228502750396729,37.68853398219779,32,1
0.2227860242128372,14.256120020759438,48,0
0.340191125869751,16.752343875256738,7,0
0.4250403940677643,42.2849700323486,3,1
0.5914903283119202,26.003595613074403,23,1
0.5706928372383118,42.1365984403236,39,1
0.269349455833435,22.319474607185477,18,0
0.5353422164916992,47.64875807800517,49,1
0.4379670023918152,32.53972948588684,50,0
0.2424455285072326,5.794943265962472,31,0
0.1667520701885223,44.25464941134003,22,0
0.2917042076587677,24.463259541539887,2,1
0.3322510719299316,7.081948398645249,49,0
0.3004380762577057,7.634506692071036,53,0
0.5153444409370422,34.37669675549359,26,1
0.3302401304244995,2.368625336474489,30,0
0.5481489896774292,14.329688245690663,45,1
0.3327380418777466,6.9893795234934055,41,1
0.5526330471038818,22.053871480864213,8,0
0.3813933730125427,20.717688599718063,40,1
0.2563965320587158,26.093821734442795,55,0
0.422721266746521,13.981816455126513,45,0
0.3436412513256073,1.6021794689088598,28,0
0.4741262197494507,30.71930532675929,31,1
0.3543459475040436,18.685900144117568,15,0
0.5598230361938477,32.56674993700232,39,1
0.4374460577964782,5.433348540213423,14,1
0.4343974590301513,0.6888677647025165,20,0
0.3632377386093139,12.414712394264637,15,1
0.5090930461883545,22.82736614970261,20,1
0.2518685460090637,19.703598708423364,22,0
0.3458902835845947,40.51512776367332,4,1
0.3907003998756408,18.8918822096412,43,1
0.2002266645431518,26.522058980153947,26,0
0.6239895820617676,29.67577962210961,56,1
0.6262935400009155,1.0915695822905802,10,1
0.4877215921878814,25.75666884230945,40,1
0.6817916631698608,17.241562969941892,10,0
0.3370592296123504,21.06400638416273,32,1
0.343864768743515,5.014369924762513,29,0
0.2493993937969207,39.14102828243226,26,0
0.6792336702346802,47.12021254042613,39,1
0.5943187475204468,1.1134410314800005,49,1
0.3325856328010559,30.068638140567398,19,0
0.2781050205230713,38.19220336441791,50,0
0.50469970703125,14.240379432494471,11,1
0.168153777718544,39.37777924316084,17,0
0.2234659194946289,31.617752538315063,18,1
0.3641233742237091,46.4581316135535,57,1
0.4379268288612366,49.05024056768864,7,1
0.1876261830329895,2.1173056999352404,23,0
0.6844146847724915,22.24688805135031,25,1
0.4087979793548584,27.34938937891091,48,1
0.3046757280826568,7.337161660382624,29,0
0.4151642918586731,16.814291521368084,58,0
0.2159111499786377,49.38237238782309,44,0
0.5579701066017151,0.8115228171235722,42,1
0.3277477622032165,22.6253965762192,45,1
0.345000684261322,42.13273108590981,9,0
0.4821696281433105,16.19506313596442,26,1
0.3316099047660827,23.989925137757663,35,0
0.4715709686279297,48.902287289399,12,1
0.4701884388923645,23.7438418237852,7,0
0.3252298235893249,6.546065607324953,8,0
0.3491334319114685,2.586074583319553,47,1
0.6461441516876221,47.270828621997424,39,1
0.2804905474185943,13.290470663753284,16,0
0.6566586494445801,25.203195328227544,44,1
0.3251130580902099,4.53508830449843,41,0
0.2166102677583694,21.182756027530253,48,0
0.5809563398361206,46.50527596250621,54,1
0.3157171010971069,25.12064968154692,52,0
0.4631257951259613,48.5567575901164,10,1
0.4105432629585266,12.941781861869984,46,0
0.5348947644233704,25.227261985196854,23,1
0.5890984535217285,42.97653959046626,24,1
0.2262831479310989,22.41261772768719,38,1
0.4492003917694092,13.97436867850948,36,1
0.3405638039112091,42.77376817089408,25,1
0.3798118233680725,19.49447344363045,59,1
0.1526473760604858,26.536164553011705,10,1
0.5305047631263733,48.826353320757285,5,1
0.366185575723648,9.324164737793197,1,1
0.3343139886856079,15.070031836009283,48,0
0.488797128200531,1.553480003491997,24,0
0.2361534237861633,19.59188549550264,26,0
0.3616812527179718,10.009171529242977,38,1
0.4661624431610107,34.00174677039457,26,1
0.2823541462421417,9.06607293829262,34,0
0.482815682888031,33.740637620293484,3,0
0.463280975818634,13.173771409465884,9,1
0.3943018019199371,17.76089170605999,55,1
0.5499957799911499,17.443032602319875,27,1
0.4238975048065185,35.83758750818047,10,1
0.4283867180347442,23.325463156917152,22,1
0.4909430146217346,18.064944942634156,20,1
0.3576293885707855,42.631135951972496,16,0
0.5500738620758057,28.59753128206013,17,1
0.3527742624282837,10.69154106389989,43,0
0.5610842704772949,45.00456390718413,6,1
0.6454085111618042,17.13251480168203,18,1
0.4131861329078674,1.94896887686602,28,1
0.5945370197296143,24.730011198722647,32,1
0.3929153084754944,6.19690272204389,52,0
0.469133973121643,11.923322185787129,55,1
0.6023262143135071,37.35554363437056,17,0
0.2316969931125641,6.537590668815929,32,0
0.4201752841472626,40.34721121770178,1,1
0.446872353553772,46.84536440654769,37,0
0.2985657751560211,30.326605020397235,9,1
0.244551733136177,35.51795960114146,4,1
0.4818719923496246,35.67933049537087,40,1
0.5899767279624939,49.640397863522246,10,1
0.4175863564014435,17.076913110081144,28,0
0.3174420595169067,8.142827562135125,6,0
0.2241715490818023,25.95836174571608,44,0
0.530893087387085,26.66249049158541,45,1
0.3442002534866333,8.895624414807223,34,0
0.2912726998329162,30.655470949706974,50,0
0.4358339309692383,0.7062366738411985,26,1
0.449262410402298,46.38342012271108,11,0
0.5748485326766968,13.228713891063082,9,1
0.4216431975364685,1.9780104195095904,13,0
0.3903470039367676,5.412472073742852,12,0
0.6294670701026917,12.012447413982086,19,0
0.4145706295967102,13.69530843030226,12,0
0.2305592149496078,1.6404999748864335,35,0
0.4848319590091705,13.967740609686455,8,0
0.2613427639007568,9.647086824674108,37,0
0.639057457447052,18.93104637172593,20,1
0.5404236316680908,19.25838686779846,41,0
0.3249912858009338,16.950387030143954,30,1
0.4000169038772583,16.3961941765352,54,0
0.511749267578125,4.4865638870625615,26,1
0.3397400975227356,1.2602473563081085,17,1
0.4466390609741211,10.10571500782333,35,0
0.1748250126838684,37.83247137083077,39,1
0.5891069173812866,49.54048827755611,26,1
0.5020782351493835,46.42630875286645,33,0
0.4799818992614746,25.21096777688843,28,1
0.3517055809497833,26.591192788896716,18,0
0.3644914925098419,15.729078451792128,18,0
0.5850263237953186,38.696971931882814,54,1
0.3788356184959411,38.23783439663243,40,1
0.5771768689155579,42.21361787912223,5,0
0.2522961497306824,44.77522885984422,57,1
0.5131033658981323,21.717462411264787,42,1
0.4213281869888305,38.34377840535988,3,1
0.4504352211952209,40.31993643979393,43,1
0.6179933547973633,15.422981124887508,35,1
0.4438358247280121,46.4621122003075,54,0
0.3321152925491333,4.717075131982773,29,0
0.1490062326192855,49.71345895816414,31,0
0.4599097371101379,38.50453590794347,18,0
0.5262646675109863,4.663545266216362,19,1
0.2767254114151001,32.81148240525003,37,0
0.3262750208377838,1.7089705464130078,49,0
0.5365076065063477,38.50934747220914,53,1
0.5043846964836121,39.961146082952766,46,1
0.3045353889465332,30.120512654572384,36,1
0.4558766484260559,42.84301959582852,30,1
0.3755808472633362,4.894164010742985,20,0
0.3783502876758575,13.79619210204066,46,1
0.7381433844566345,20.708876079633527,19,1
0.5302110910415649,2.122897641404914,16,0
0.3048785924911499,22.410804378558307,52,0
0.5209770202636719,13.260672805628298,35,1
0.2868523299694061,19.63675060508765,21,0
0.2744884788990021,21.255131599615325,51,0
0.2758819460868835,43.97058667438426,57,0
0.4106355905532837,13.517048526381952,19,1
0.6663209795951843,44.687156435813606,31,1
0.4761161804199219,21.29854824064246,29,1
0.2984954714775085,16.3903860346993,42,0
0.6581871509552002,25.1256024667573,57,1
0.3940888345241546,20.88716431814198,32,0
0.2363300174474716,12.868615652757304,47,0
0.3015030026435852,25.133966239803343,35,1
0.1945846378803253,7.5900866539415635,53,0
0.398714005947113,17.596497151148306,24,1
0.516799807548523,28.28951096870453,23,1
0.3697092831134796,20.670412219492928,25,1
0.5028494596481323,41.19561805253982,59,1
0.1610607802867889,12.836088076758312,36,0
0.1417940557003021,48.4885789415505,9,0
0.2323045283555984,39.23610104256757,2,0
0.2701548933982849,48.37965129987361,31,1
0.6605950593948364,41.90682774151521,48,1
0.4549560546875,7.105196292582133,28,0
0.3314635753631592,26.323004531750687,33,1
0.4764556288719177,8.498926059789286,47,1
0.37055504322052,40.911367631362864,30,1
0.3377425670623779,29.208107459164797,54,1
0.2197260856628418,13.172465717845288,38,1
0.4573144316673279,46.47994860035857,43,1
0.1437179297208786,5.759302665713034,46,0
0.6448489427566528,28.1931201735657,37,1
0.3251191973686218,36.052027733336274,3,1
0.1740070581436157,2.942426866621589,25,0
0.4809115827083587,29.89280166031018,8,1
0.2167954593896865,40.79506077315471,30,0
0.3049074709415436,3.376365720902669,8,0
0.3364025950431824,25.612148555331355,30,1
0.3105648458003998,12.927858907437,20,0
0.3573075830936432,33.14622257684604,1,1
0.3167523443698883,5.933868353942246,7,0
0.276287168264389,46.85257153352534,30,0
0.4479131698608398,44.73642908573659,4,1
0.5278116464614868,9.29872099378546,51,1
0.1514889895915985,16.16329421825523,45,1
0.3825615644454956,29.381748732652152,42,1
0.3662508726119995,35.90311683171252,10,0
0.6180697679519653,22.13280075801291,47,1
0.6103676557540894,7.814566098048753,38,0
0.3528343737125397,5.207574690143579,23,0
0.4379665851593017,49.98826684571719,0,0
0.4574930667877197,22.767606072174363,31,0
0.1470113694667816,43.62658745742491,47,0
0.316430002450943,24.11880023145572,2,1
0.5251174569129944,46.11788192730016,3,0
0.5078309774398804,4.38796913857753,22,1
0.4213963150978088,5.700959566727548,30,0
0.3944289684295654,46.48160938621121,28,1
0.3877292275428772,47.37465225223925,25,1
0.15464848279953,15.735872373268167,15,0
0.3453864455223083,17.75824434969359,3,1
0.272118866443634,22.6225117417379,1,0
0.2218338996171951,20.80808400336454,5,0
0.5558420419692993,9.502260797979831,41,1
0.3550596833229065,44.918769196968725,47,0
0.3224222660064697,12.665380035282189,26,0
0.5621832609176636,35.263620473882575,4,1
0.4114739298820495,3.3577838867486443,24,0
0.183703988790512,1.9375665764214731,59,0
0.3380629122257232,32.68652362884603,14,0
0.3262404203414917,16.95079287866302,29,0
0.5249953269958496,32.77296963600006,32,1
0.3288278579711914,4.701060108441518,19,0
0.6185829639434814,47.49256899579317,26,1
0.4885750412940979,37.42572334465477,28,1
0.2853016257286072,43.81336165128996,28,0
0.2410550266504287,6.823527702225546,43,1
0.4654818773269653,16.008048444643467,34,0
0.2571343779563904,18.41720821031721,3,0
0.6394252777099609,26.858632416340928,0,1
0.3575176894664764,14.843424275370715,24,1
0.5169358849525452,3.031537109470256,54,0
0.3328835964202881,18.44391903687353,2,0
0.4198224246501922,12.727465731364108,4,1
0.4863767623901367,19.29606457316074,40,0
0.5271071195602417,9.847977131001311,27,0
0.4056949615478515,13.094818728236774,13,0
0.6087509393692017,31.34761702161344,12,1
0.3842049837112427,19.40769172890325,39,1
0.5504984855651855,17.269169658474603,31,1
0.4077318608760834,26.695281636118644,38,0
0.4620605707168579,38.59302704219629,16,1
0.1669368147850036,18.943397817397862,31,1
0.2697599530220032,29.37597462779203,51,1
0.2382007241249084,48.31013126840881,18,0
0.4801672995090484,26.09900570590253,23,1
0.4323989152908325,45.48987882587722,9,0
0.345358669757843,39.68363121282135,38,1
0.4761517643928528,2.9359340825074853,1,0
0.2765976786613464,21.45494357346284,14,0
0.3688644766807556,34.9159203934294,42,0
0.2537966072559356,49.33559562241,1,0
0.5601561069488525,22.918814558075628,59,1
0.5217087268829346,4.639272706336972,24,1
0.4513021111488342,28.10045873564339,23,1
0.532617449760437,6.328189606198015,32,0
0.3067054748535156,37.57597801396967,38,0
0.4833964705467224,25.38384987308889,27,1
0.3981956243515014,36.171568418864325,53,1
0.5134328603744507,43.46809134392618,57,1
0.162912905216217,31.447400858138856,12,0
0.2837126851081848,30.62196646265908,42,0
0.3809065818786621,37.728514771981565,18,0
0.3210225105285644,42.122750072633366,59,0
0.5029294490814209,43.452689313850136,15,1
0.4559937715530395,1.8215097841441648,17,0
0.3386887311935425,27.809514839889463,42,0
0.3523127436637878,10.813465489877572,47,0
0.5406250357627869,43.01729453908917,7,1
0.4835474789142608,32.41988426016806,33,1
0.2612573504447937,21.011123951621908,20,0
0.4827145338058471,9.405211406067563,36,1
0.5538456439971924,16.951181295991326,33,1
0.5385852456092834,35.18888472701123,59,1
0.4825548529624939,10.21797726058194,56,1
0.4236719608306885,4.679147266918637,39,1
0.4024043083190918,44.40143791137755,40,0
0.3775209784507751,38.21051747900584,53,1
0.5976015329360962,9.98974653290663,11,1
0.5308305025100708,14.615577171499584,43,1
0.3120678663253784,48.60350885654429,46,0
0.6016796231269836,35.40922433795587,7,1
0.212544709444046,30.52610021069124,52,0
0.6320152282714844,15.381424271206518,41,1
0.367063045501709,14.956257208326113,20,1
0.5010536313056946,1.9761809345115235,29,1
0.5489343404769897,36.42409334509657,29,1
0.327249139547348,2.1587612528442266,55,0
0.2790005207061767,0.2428668888639518,58,1
0.2671922743320465,36.47475439304896,48,1
0.5412911176681519,47.44368785745627,39,1
0.5657492876052856,37.82515238636552,6,1
0.3957021236419678,23.582009531218933,54,1
0.5707941055297852,24.30226247804365,8,0
0.1783673614263534,21.80682113245527,10,0
0.17635378241539,16.232183355516682,4,0
0.5517017841339111,26.08571070929201,56,1
0.3962071537971496,21.557547857055752,29,1
0.4143419861793518,29.908394002038737,14,0
0.3770029246807098,44.90600402505473,4,0
0.2945265769958496,49.75047086619052,24,0
0.2393046915531158,3.937164494145856,43,0
0.3471049666404724,19.23417363306707,59,0
0.3153791725635528,9.035309788340474,33,1
0.410115122795105,17.606023696276687,36,0
0.3587314486503601,14.37365092742115,50,0
0.3495849072933197,8.726856581339415,54,1
0.4252794682979584,38.20380267106452,16,1
0.3843634128570556,24.81443714146179,59,1
0.2932996153831482,45.96227911086129,31,0
0.2923224866390228,1.6296221623507243,55,0
0.4008368253707886,3.348900656599496,7,1
0.4088511765003204,20.163679146517204,5,1
0.6198153495788574,4.013866020201856,53,1
0.3077409863471985,13.136479820741677,40,0
0.4657406210899353,49.30148715383118,10,1
0.4020814597606659,10.447980374230704,53,0
0.4199757575988769,9.905887070604535,6,1
0.2564707994461059,28.682033439785453,40,0
0.2869519889354706,24.89991453965784,12,0
0.2127106487751007,29.02191486014224,4,0
0.4076566696166992,18.836763910427333,48,1
0.2311605513095855,41.33811799474735,50,0
0.4194403290748596,6.929027572123142,6,1
0.3603724539279938,21.41963229207328,5,0
0.4476169049739837,34.48809242220435,36,1
0.4336825013160705,43.41182201414499,1,1
0.3502815365791321,18.478580317837885,44,1
0.4523264765739441,28.38727995468764,54,1
0.3989810347557068,3.4569972503630755,45,0
0.5286687612533569,8.515954405591447,13,0
0.6166692972183228,3.456908123305724,11,1
0.389276921749115,36.3940445999261,40,1
0.2973726391792297,14.402998436107032,3,1
0.3405732810497284,36.18726450959189,32,1
0.6486566066741943,3.319913952163728,26,1
0.4944705367088318,43.12739002041627,44,1
0.5369922518730164,41.77650990555458,12,1
0.419695496559143,4.446437152514132,45,1
0.2554816007614136,1.187825322859326,41,0
0.548069417476654,2.814440649099559,14,1
0.3111464977264404,42.6815086573367,21,0
0.4842706620693207,11.735174452594787,3,1
0.5712359547615051,27.413665892909435,26,1
0.4293540716171264,21.31221015900284,15,1
0.3688915371894836,39.7762763114301,6,0
0.4545755684375763,24.44491507353353,33,1
0.4217419624328613,25.033042033063484,34,1
0.6089489459991455,49.45459697499512,5,1
0.3713391125202179,7.506477837462855,11,0
0.5188393592834473,41.53519693729657,4,1
0.3048372864723205,2.58748728019424,40,0
0.5296627879142761,23.882438478648535,20,1
0.413245290517807,44.31674119665118,4,0
0.297796219587326,33.260698280206064,11,0
0.5374953150749207,34.260730968306646,58,1
0.2906229197978973,13.165864112824275,15,1
0.3642088770866394,20.928739568072714,41,1
0.3893985748291015,18.329053174952527,28,1
0.3437675535678863,26.07216050789971,10,0
0.3716779053211212,23.111396507183407,18,1
0.3400135040283203,16.344917593849466,0,0
0.543371319770813,15.274030618558504,44,0
0.2815890908241272,12.542644582756107,20,0
0.2581472098827362,18.25236234423792,29,0
0.0798965319991111,7.497073896703032,9,0
0.4488961696624756,43.60521510017869,49,1
0.3484218418598175,30.105969591671368,13,0
0.2007814943790435,6.689321279692773,33,0
0.3765673637390136,34.692966710450065,52,0
0.5347728133201599,42.38332339989866,42,0
0.5445780754089355,11.876783602612944,36,1
0.4224984645843506,7.530029716863195,53,0
0.5134222507476807,0.4308628566876027,10,1
0.5651382207870483,2.3625169428242554,57,1
0.485689640045166,38.11256741517558,33,1
0.3947398364543915,49.35931660208469,24,1
0.4320601224899292,2.24401612381383,15,1
0.5494116544723511,37.40354795399463,44,1
0.3838938474655151,3.593108292048002,58,0
0.3501256704330444,29.60664124518334,41,0
0.5522189140319824,37.803764121411895,1,1
0.3586906194686889,17.960219863386882,28,0
0.6391950249671936,0.5467360555331868,43,1
0.2523777484893799,29.759467606271294,23,1
0.4832608699798584,49.56223140700139,46,1
0.352921724319458,12.880871141924787,42,1
0.5845955610275269,9.47456385936079,4,1
0.3929833769798279,6.196294637675748,33,0
0.3199620842933655,27.762780995002807,10,0
0.2453581094741821,29.822254968013667,29,0
0.5058271884918213,39.61354185852012,23,1
0.4245619177818298,37.653663681025485,48,1
0.3450669646263122,44.62707473975436,52,0
0.1704633980989456,40.28863491711507,27,0
0.3913098573684692,12.363354153972224,32,1
0.2262554317712783,27.793870243788056,37,1
0.4118430018424988,14.870597954679,39,1
0.3731782436370849,16.489268977575122,38,0
0.4209326505661011,46.59721846149981,46,0
0.5056779384613037,34.094795253353674,58,1
0.4670220017433166,48.729520662555295,49,1
0.4941742420196533,20.845626835937225,8,1
0.3103475570678711,26.87187866769883,28,0
0.4164316356182098,24.35577099582109,27,0
0.4696157574653625,5.364352876186346,30,1
0.2663739323616028,11.835099726330167,31,0
0.644911527633667,26.381818030224107,43,1
0.4021377563476562,3.368715256650312,25,0
0.5988262891769409,46.57309646544447,15,1
0.3386463224887848,6.192184097168541,27,0
0.4217270016670227,9.899037320845355,51,1
0.1552540957927703,38.26606119693183,18,1
0.3476172685623169,4.846727089465686,1,1
0.2257292568683624,45.01390498077047,58,0
0.4301692247390747,36.28504853612678,11,1
0.2619481086730957,3.431042855442945,36,0
0.332200288772583,34.59235306428264,48,1
0.6450142860412598,31.58142710856589,16,1
0.1810846626758575,37.86747163699593,20,0
0.3472697138786316,41.40989262446679,16,1
0.6313008666038513,35.91752815865775,8,1
0.5206016898155212,29.3088147635486,9,1
0.28107351064682,16.123165929088884,11,0
0.2263933420181274,34.863683091496455,27,0
0.4092758595943451,47.84857923153897,31,1
0.7342492938041687,29.376089026443715,0,1
0.2171878218650818,33.217243421712695,50,0
0.2660617232322693,21.85640210999004,40,1
0.2673668265342712,37.80604048715372,4,0
0.3191944360733032,49.8833696169318,50,1
0.2109070718288421,8.019466203386806,1,0
0.516136109828949,10.120263975188116,33,1
0.522763192653656,26.971887933219477,27,1
0.4113090634346008,24.068769863082917,30,0
0.4540374279022217,28.57848922533594,57,0
0.3409780859947204,2.453702386213652,55,1
0.6741299033164978,20.21382281652245,16,1
0.4436251223087311,29.14891310327804,34,1
0.4412268400192261,29.259567565248133,57,0
0.5333366990089417,32.86669808841868,43,1
0.2199200242757797,36.01080145013319,53,0
0.3834538459777832,32.077360167042826,26,1
0.6335170269012451,39.51215776947175,16,1
0.3391913771629333,31.238031734229583,30,1
0.5307849645614624,26.875383126860225,49,1
0.1768268942832946,30.309821444390543,55,0
0.3685571551322937,5.059668337666618,41,1
0.3261120319366455,13.657827036275998,42,1
0.2137539833784103,26.36998903290656,30,0
0.5050070285797119,43.64936077008535,19,1
0.3503350615501404,33.95257781439965,25,0
0.2860473394393921,4.520403923594879,29,0
0.4227159023284912,29.61374752222022,48,1
0.3285244703292846,11.086899381854948,33,1
0.4875063300132751,36.70082798943615,47,1
0.3045768737792969,41.37204262543736,1,0
0.6109204292297363,29.672813629498663,45,1
0.5281122922897339,29.568130487585485,30,1
0.3491791486740112,16.9295721605407,59,0
0.4059095978736877,22.31250105806547,28,1
0.3285106420516968,43.20541769076727,28,0
0.4948245882987976,36.166016548357824,7,1
0.4188584685325622,25.987682984792155,48,0
0.4104218780994415,18.411619312418548,42,1
0.4010386168956756,2.518986914427717,51,1
0.4815039038658142,7.150370066319256,5,0
0.4982821941375732,9.651259476968532,12,0
0.6591736078262329,18.66917716293373,52,1
0.4344149827957153,47.20718235381373,2,1
0.3764570355415344,25.257669742937438,30,0
0.4964739680290222,11.742008162961554,24,1
0.6275147199630737,5.287506873075704,56,1
0.300830066204071,16.9152762301482,51,0
0.6518456935882568,40.786531777552845,53,1
0.4658138155937195,19.1671396705254,17,0
0.5434889793395996,38.62529030112067,35,1
0.4419470727443695,40.135248806343945,42,1
0.1905869841575622,5.541038484935207,58,0
0.4304082989692688,30.432987631339188,0,1
0.34299436211586,47.954803168555536,58,0
0.5521743893623352,20.106903745177696,21,1
0.25102698802948,2.547204450151113,7,0
0.6043243408203125,46.16513451289393,36,1
0.2842573523521423,44.18331407862415,46,0
0.3131678700447082,26.10707236045009,7,0
0.5652227401733398,27.61265601720048,2,1
0.1577998399734497,10.587055138806246,53,0
0.3002388477325439,40.97253777723186,56,0
0.4619757831096649,24.93000191960632,9,0
0.4611097872257232,1.6938897571278255,54,1
0.522940456867218,34.15074782244989,54,1
0.4455932974815368,47.5248134901353,59,1
0.5477496385574341,41.45752451728752,12,1
0.1391862630844116,13.859907010526989,34,0
0.2688775956630707,2.6662542466670325,59,0
0.4896672368049621,47.01757062690903,54,1
0.5300999879837036,46.85313624398507,36,0
0.4527134001255035,26.62076598564347,11,1
0.4636743068695068,32.11587058357676,5,1
0.2984583079814911,23.130003035540412,15,1
0.4211125671863556,20.988268354937933,3,1
0.3436002135276794,5.972421796435018,11,1
0.2598596215248108,4.837644918054801,4,0
0.5826791524887085,11.636607333809373,45,1
0.2168277651071548,41.83203732032722,35,0
0.1199750825762748,7.291615036783999,31,0
0.3996936082839966,11.334932595735536,48,0
0.4345546364784241,27.430702966110378,24,0
0.4219949245452881,10.75656090391372,24,1
0.4522594213485718,8.160334235889355,12,0
0.4417808055877685,28.16581208489811,26,1
0.3003881573677063,18.404663549830776,10,0
0.3051592111587524,31.30796429202346,35,1
0.4677038788795471,45.61026702043382,59,1
0.5314797163009644,7.549656571753383,31,1
0.3834164440631866,45.6716829906532,17,0
0.2867398262023926,45.12449837114593,41,1
0.2307015508413314,41.45437916679514,49,0
0.3633863627910614,31.56429586530426,28,0
0.5877320170402527,31.00733287327737,15,1
0.2918664515018463,31.96063299682508,42,1
0.3833118379116058,34.524777560890655,11,1
0.3784990906715393,0.8241100298078508,59,1
0.3060888051986694,47.90462895803248,19,0
0.559205174446106,29.28018807327899,21,1
0.1880205422639846,39.07329197012108,43,0
0.324297547340393,18.86409195306816,0,0
0.4953560829162597,0.6198606957897979,12,1
0.4416870176792145,25.4867329938222,7,1
0.5529650449752808,25.359505965796448,23,1
0.4491212964057922,21.84946441557259,33,0
0.5649001598358154,16.985852708103838,10,1
0.4906285107135772,12.491304390486102,20,1
0.5247290134429932,26.377243724859134,46,1
0.5277276039123535,18.763906984674705,56,1
0.5372692346572876,48.49659415249044,0,1
0.2522721290588379,8.646365388346572,37,0
0.3434231877326965,15.98327838135435,1,1
0.168717473745346,14.69802354622855,31,0
0.3572613000869751,27.165458811797848,52,1
0.5921264290809631,24.964012848707394,47,1
0.4756795763969421,32.187023271213654,13,1
0.5168983936309814,47.50008852871039,15,1
0.5581639409065247,14.261054274693368,47,0
0.3451486229896545,34.63857846274983,49,0
0.3756305575370788,1.2520101502591807,16,1
0.4172955751419067,13.119423636681226,0,1
0.5852898955345154,23.18598639982964,26,1
0.2252599895000457,1.549739424056723,37,0
0.2082173526287078,30.883473027681944,26,0
0.5858153104782104,33.91553042008541,56,1
0.3936194777488708,37.33658574190233,48,1
0.4009003639221191,25.82872524215061,47,0
0.3630813956260681,30.197233248931333,1,0
0.4456676244735718,19.803262563924363,51,1
0.436776727437973,2.062651625328127,45,1
0.3434557318687439,4.997592788725652,23,0
0.3629460632801056,32.74979621007321,35,0
0.5246890783309937,49.77776497928881,49,1
0.6205262541770935,0.7901619581648089,54,1
0.1931201964616775,27.879174841319134,33,0
0.4609864056110382,37.550437644127896,2,1
0.2691557109355926,41.338741400693934,37,0
0.5107991099357605,27.260245061132004,40,0
0.4592820703983307,30.995799009205253,3,1
0.3916583657264709,34.83624726372767,49,1
0.1729066669940948,42.94831248467153,12,0
0.6248538494110107,6.1144768601409325,53,1
0.2550586462020874,46.30910981374317,33,0
0.3135245442390442,1.3008701775785003,19,1
0.215499073266983,41.80998754788877,3,0
0.2015230357646942,3.8370213279848633,1,0
0.321503072977066,9.731410580246113,44,0
0.4813663959503174,0.1947073190566306,22,1
0.4447956085205078,22.262835276802036,50,0
0.4349558353424072,16.717961335869614,13,1
0.4453790187835693,8.299645574351366,55,0
0.4788920879364013,22.55450804019532,56,1
0.4706713855266571,20.118544158609197,6,0
0.3268439173698425,38.38305163493708,38,0
0.3739095330238342,44.65651530350162,56,0
0.5747010707855225,32.62836258835409,19,0
0.5294705629348755,6.220519436326194,4,1
0.1155322715640068,14.769539735492533,52,0
0.2825273871421814,45.66591484161399,28,1
0.5626848936080933,4.436724650394458,1,0
0.4437857270240783,20.342791969541324,50,1
0.2454298734664917,47.12523096167406,40,1
0.6115773320198059,47.53324207347429,4,1
0.5191665291786194,20.560158852444623,15,1
0.6662992238998413,33.36984440493987,1,1
0.3490275144577026,22.83727991769995,57,0
0.3707261681556701,37.67302697181709,1,1
0.3270012736320495,1.5790665346499255,47,1
0.5659005641937256,7.207857446067923,30,1
0.3616007566452026,30.709940177179963,34,0
0.522169291973114,11.62761312215318,48,1
0.7500260472297668,33.30261496345743,53,1
0.2991371750831604,17.56114637306492,7,0
0.642548680305481,44.33227790639107,1,1
0.4992443919181824,40.96296927799932,7,1
0.531631588935852,24.64189000343911,40,1
0.4278073310852051,38.64475435474289,34,1
0.6565190553665161,13.55689431175452,5,1
0.4012621641159057,24.71298884059313,14,1
0.5417357087135315,9.874102593163908,32,0
0.2908849120140075,43.044308426049696,43,0
0.1425420641899109,41.15338082842074,20,0
0.3312876522541046,45.10748342045006,56,0
0.4759056270122528,43.87384906121297,59,1
0.4647233188152313,47.97981310297474,45,1
0.3619696497917175,11.416811581596296,27,0
0.243129700422287,46.59121453976577,52,0
0.2473387122154235,28.560659567599885,43,0
0.2954537868499756,21.12475419590761,31,0
0.3028418123722076,28.01869479839365,26,0
0.397722840309143,17.130117832513893,49,1
0.4267843961715698,14.427650348047605,33,1
0.5562166571617126,12.065716898876438,10,1
0.5604044198989868,4.121399472856341,59,1
0.4064904749393463,24.828244857359373,4,0
0.3019331097602844,44.38808378569437,41,1
0.3788329362869262,31.507598463719237,39,1
0.3312569260597229,26.048781637788675,35,1
0.3691098988056183,21.429645912545823,3,0
0.3804784715175628,23.2200813158596,29,0
0.3658548295497894,10.463867378597548,53,0
0.4387212991714477,41.14679385965486,14,0
0.4559046626091003,9.919148164076402,41,0
0.4490908086299896,35.83113783636565,51,1
0.5494408011436462,37.99925057480763,57,1
0.4774691164493561,28.743452101386712,30,1
0.3624226152896881,43.14631874774143,18,1
0.3153488039970398,14.552517622532502,41,1
0.0924640372395515,44.08086106214317,29,0
0.6527944803237915,36.47052297996521,37,1
0.3825761973857879,39.937491388088034,44,0
0.4326527118682861,33.22898547636571,42,1
0.1803975403308868,42.31715084949847,14,0
0.3471825718879699,49.654943135881794,45,0
0.3868345022201538,21.00814272623193,32,0
0.3063928186893463,40.69578418547852,55,0
0.2420882582664489,37.22898797590168,39,0
0.4143526554107666,22.6435082856009,53,1
0.367009699344635,46.3474499866256,58,0
0.5900475382804871,19.721296478629736,59,1
0.5020443201065063,28.27329581381188,44,1
0.3741389513015747,5.297117849548077,35,1
0.4941328763961792,11.28875970331331,7,1
0.344146728515625,42.03480852668803,23,1
0.4601926207542419,19.82763614144237,28,1
0.2195584326982498,19.70420447076291,46,1
0.5497333407402039,12.299050909531012,35,1
0.4519007205963135,24.58051671487272,26,1
0.3099595904350281,40.29084806753112,8,0
0.380104660987854,44.75820588868698,42,0
0.3392611742019653,3.505721602209194,25,1
0.4292302429676056,28.74103656200577,2,1
0.5942227840423584,23.363668394616727,17,1
0.3480439186096191,30.71409252357892,52,0
0.3579074740409851,22.363784345413457,7,1
0.3656935095787048,19.93224104267076,24,0
0.1643428653478622,23.594035621474468,30,1
0.299003392457962,29.09995643782071,5,0
0.5785216093063354,25.04916055158884,9,1
0.20596843957901,23.607222551032308,56,0
0.2197787761688232,40.89176549790404,35,0
0.5477075576782227,37.28239956189289,12,1
0.4168928861618042,17.06892470905964,10,0
0.5034400224685669,40.02885587576602,25,1
0.2716100513935089,42.68253345022501,43,0
0.2782922387123108,7.674610268709525,43,0
0.3772552609443664,29.13412308653794,11,0
0.2067833542823791,14.265599679960689,43,0
0.1940509676933288,36.95861609633613,53,0
0.5865981578826904,11.939266467934162,13,0
0.2047064751386642,33.57017620865159,1,0
0.3851433992385864,12.756232802881694,57,0
0.3189209699630737,25.55718817149716,31,0
0.4777057766914367,47.4323233958096,46,1
0.2781205773353576,19.065376922821724,19,0
0.3999791145324707,43.78692429816039,17,0
0.4784828126430511,49.34722906019473,13,1
0.6031878590583801,43.74254244025816,13,1
0.4362921118736267,8.293301486167143,28,1
0.2561661601066589,40.98291097675816,6,0
0.1589174419641494,1.6074697550280626,50,0
0.2764712572097778,19.665094184965398,30,0
0.4365763366222381,43.53666866589319,54,0
0.3614104986190796,34.43761063799599,30,1
0.377610296010971,26.637021366893904,18,0
0.5598041415214539,19.393201254131025,30,1
0.4120737910270691,40.614847323514304,9,1
0.453263521194458,35.477920197411045,49,1
0.3641716241836548,23.420265980783668,43,0
0.5919119119644165,44.62421686048299,8,0
0.1938850581645965,11.49740089093162,34,0
0.4507160782814026,8.519575457931245,32,0
0.5316559672355652,32.14018821667908,12,1
0.6586756706237793,48.59971713508852,7,0
0.3242654800415039,12.362828665338515,45,0
0.3521349430084228,12.483518946691325,15,1
0.2734688222408294,6.974942398109496,31,0
0.2954301536083221,43.028177763681605,14,0
0.3163558840751648,11.319877020566704,39,0
0.5882874727249146,25.15892633624439,2,1
0.3708401620388031,49.54362390011023,21,1
0.2713286876678467,0.6070450461021781,32,0
0.2284115850925445,27.824304525539706,26,0
0.2419587224721908,25.61445213524729,36,0
0.5617209672927856,40.37236882050774,10,0
0.1389569640159607,17.764076977638847,26,0
0.4633148908615112,20.51706794495208,45,0
0.3047028183937073,8.396899029943183,20,0
0.4576095342636108,37.04076158178933,9,1
0.4985993802547455,39.235445459407416,50,1
0.4372639060020447,6.8331660389415125,46,0
0.5107676982879639,19.672853699416088,40,1
0.6313008666038513,44.64524976813415,47,1
0.2086839079856872,0.1353636837893579,46,0
0.4104936420917511,14.937953531131615,44,1
0.2618290781974792,27.752114252627383,30,1
0.2780360579490661,16.704692982997667,1,1
0.3817230463027954,13.60225945888347,35,1
0.488864928483963,23.001874245160632,16,1
0.2913945913314819,9.076155405484688,46,0
0.3389495313167572,26.48126204797419,28,0
0.3338669538497925,35.334796065661294,54,0
0.3476683497428894,28.76474763142511,35,0
0.507483959197998,4.655466542926545,33,1
0.3882437944412231,42.22043070827866,55,1
0.3138926029205322,8.74889187437441,28,0
0.5402005910873413,38.24060003055643,22,1
0.6166091561317444,18.02825553879252,22,1
0.2834129333496094,39.13806740280511,52,0
0.4495892226696014,10.313645170267288,45,1
0.675847053527832,9.33310518477149,9,1
0.5434520840644836,24.85129231087411,29,1
0.3551263213157654,1.6468007349180247,22,0
0.567380428314209,11.264866939116668,38,1
0.5046170949935913,36.200612609217416,3,1
0.4557810425758362,41.86917391527128,42,1
0.3442903161048889,4.0392681968905215,44,1
0.5077129602432251,44.103885471905215,13,1
0.4948262572288513,39.87586020265896,9,1
0.4910296201705932,43.48421478534827,37,1
0.2662118673324585,34.92142772894199,15,1
0.2724674046039581,33.70765336469824,56,0
0.4402846097946167,26.25466166724319,46,0
0.5067684650421143,32.63936122456575,57,1
0.5213850736618042,45.95548322833026,32,1
0.1415801495313644,5.026100070835421,56,0
0.554078221321106,15.78822389230456,0,1
0.5004254579544067,3.622748679793592,17,1
0.1643329858779907,47.24025859720192,0,0
0.4161062240600586,22.2632732999694,40,1
0.1643514931201934,33.76722353380942,30,0
0.3156928420066833,42.05600322521608,17,0
0.3389033675193786,49.550012403824425,18,1
0.3521366119384765,8.089122889613288,38,0
0.2363072633743286,39.97563028591144,10,0
0.3630533218383789,44.37114490683682,30,0
0.3473868370056152,2.443768842543781,36,1
0.4295967221260071,37.70452800927867,14,0
0.4373335242271423,17.736266059827514,13,0
0.6141326427459717,32.429839573521605,21,1
0.4347321391105652,25.70240980194324,35,1
0.3839380145072937,12.987112604331848,15,0
0.3916462659835815,6.761068100199302,22,1
0.2821017503738403,5.847361654460414,32,1
0.2667924165725708,5.166142885424585,11,1
0.432288646697998,31.88950200672889,34,0
0.4025684595108032,17.570542569976904,8,0
0.2115797102451324,10.831671910293622,8,0
0.3061086535453796,34.59425463529515,14,0
0.3702224195003509,34.34247828832334,17,1
0.4190534353256225,26.958414617849886,1,1
0.5540844202041626,46.74789084329255,57,1
0.3053064346313476,19.270711572071065,18,1
0.4296252727508545,41.79314856346465,48,0
0.4837147891521454,3.756970396609816,54,1
0.3347539901733398,36.99155470192522,48,1
0.3857843577861786,49.4223706915965,49,0
0.1681815683841705,42.32991081439084,6,0
0.3031352162361145,28.983235965502967,22,0
0.2954574823379516,31.33830321635803,44,0
0.4172496795654297,17.66447747184734,34,1
0.4231266379356384,33.974260912905194,0,0
0.4751702547073364,38.51976915906635,34,0
0.3319715559482574,49.911424055892695,48,1
0.180542916059494,24.62314585002165,49,0
0.2026303708553314,3.0652032886721137,23,0
0.4194142818450928,29.792897536549265,14,0
0.3346030414104461,5.951207499108429,18,1
0.2858894467353821,12.238252177805505,17,0
0.229857787489891,16.438995565286863,20,1
0.4958032369613647,36.55149365742053,18,1
0.5232052206993103,9.190406193925028,27,1
0.2607160210609436,8.287647342117626,2,0
0.2832922637462616,2.2482121249413733,16,1
0.4625023007392883,43.661996817694046,18,0
0.2652745246887207,34.67527121780304,9,0
0.445673257112503,1.9973232808813248,52,1
0.3583728075027466,1.414615281905729,40,0
0.294125884771347,27.933714823752805,54,0
0.4568325877189636,14.12672006433555,33,0
0.2407851815223693,29.83631752159644,6,0
0.3771742880344391,21.730208784048266,54,1
0.3903927206993103,46.16562811551273,27,0
0.3756976723670959,14.390450748068396,41,1
0.4828981161117553,33.95726842194468,22,0
0.6342822909355164,2.70271558092996,29,1
0.3061961531639099,47.793026709446266,29,0
0.4024060368537903,49.037873395417606,17,1
0.6197501420974731,36.95373145082062,33,1
0.3033383190631866,23.260623578178656,44,1
0.2138553857803344,10.999671966363069,1,0
0.4109150469303131,40.62581701239824,7,0
0.1280437558889389,36.81770485735111,50,0
0.2539674937725067,11.097701978047454,34,0
0.3866211771965027,22.560764707863285,58,1
0.3781104683876037,23.13994689083925,36,1
0.5799475908279419,41.32052749863546,39,1
0.4028087258338928,34.192234216703824,53,1
0.3659822642803192,32.158377177002755,39,1
0.2627380192279815,32.49137112816392,19,0
0.3017079532146454,13.523503969123944,31,1
0.4360700249671936,18.5855629914767,14,0
0.353873610496521,2.283114271835307,20,0
0.5908754467964172,39.34705679060619,40,1
0.5213302373886108,21.64991075849069,8,1
0.3496284484863281,21.911917854378675,40,0
0.5295576453208923,12.267813246681335,35,1
0.4629563391208648,10.471364072971443,18,0
0.467287003993988,29.391096478451463,2,1
0.3407164812088012,11.627650760183789,42,1
0.3770429790019989,3.2104425782732204,49,0
0.2092109024524688,38.37537079904492,43,0
0.428453654050827,18.82347172031829,25,1
0.5574891567230225,19.01177919496522,39,1
0.1911956518888473,21.565914075789568,24,0
0.3394529223442077,40.75224117040469,21,1
0.3877664506435394,16.041844796990855,19,0
0.4473151862621307,37.90181056289181,12,0
0.6605974435806274,46.97724203897716,58,1
0.4218102097511291,33.04340979623997,39,1
0.1587059944868087,21.584054058851237,10,0
0.2778023183345794,37.38948615733324,51,0
0.4118449687957763,22.89486848756928,9,1
0.6098312735557556,20.72136355540704,35,1
0.58489990234375,26.26415817863416,9,0
0.3439604640007019,15.88611674046469,21,0
0.2090555876493454,5.21251081400006,39,0
0.2892415225505829,20.74260027630826,59,0
0.5944356322288513,6.192844056465097,59,1
0.3354269862174988,20.522073677772333,53,0
0.5058659315109253,27.846686060672518,14,0
0.4419793486595154,46.53555906028234,5,0
0.6225156784057617,1.8111165522651795,54,1
0.3771995604038238,31.072920325097208,55,0
0.2230826169252395,22.886759332503864,16,0
0.496689110994339,1.0130564102069584,1,0
0.4364317655563354,12.477408796936018,38,1
0.4979391694068908,5.924262617740078,4,1
0.3255204558372497,10.839707286572237,2,0
0.4762248694896698,13.728512173045909,56,1
0.4298518300056457,20.065316769109813,29,0
0.4189590215682983,26.451969674444516,6,0
0.1599777042865753,0.049499696319305,39,1
0.4478859305381775,8.09346803143704,22,1
0.2924045920372009,4.678319280440036,32,0
0.2653299868106842,27.483669963137185,53,0
0.4941580891609192,16.45374352006349,14,1
0.5453681945800781,27.419886801735903,38,1
0.4249890148639679,11.091165108733891,49,0
0.1746696531772613,1.2114677043792432,25,0
0.2352849245071411,47.06834506351234,58,0
0.4870200157165527,5.415406059449701,26,1
0.2258680760860443,6.342937398085841,27,1
0.349851131439209,7.327341325507025,53,0
0.3411920666694641,49.06382619966364,38,0
0.0784470811486244,30.883012008499804,52,0
0.2783288955688476,30.51449758519253,47,0
0.4813823103904724,49.33491007592648,42,0
0.6478942036628723,4.421938463732738,14,1
0.3107163906097412,48.72504462711446,23,0
0.2435442358255386,10.200657327702045,51,0
0.4036339819431305,31.15357517810177,36,0
0.5046525001525879,21.004178265139583,16,1
0.1331595182418823,19.19759067385891,19,0
0.6163482069969177,46.562166423973125,46,1
0.4376134574413299,7.461386422012822,10,1
0.3075520694255829,49.85345055381218,6,0
0.1920162141323089,18.956253054577427,45,0
0.5597398281097412,32.43874519442772,17,0
0.2752116024494171,48.395336574168006,45,0
0.3336080908775329,2.880052518948739,32,1
0.2337807118892669,46.14321814625953,59,1
0.4027365148067474,28.390569267717165,31,0
0.3588075637817383,35.219843948872615,52,0
0.4117546081542969,7.459209194317418,51,1
0.5353193879127502,26.66937154155161,12,0
0.4090420603752136,33.67568573626218,59,1
0.2773728668689728,22.81236536938409,44,0
0.3283798098564148,7.749258905302836,6,0
0.1290980130434036,12.20595375427883,0,0
0.3467999994754791,42.71963954967492,16,1
0.2623666524887085,1.723549641638139,0,0
0.4923072159290313,35.44310392204062,21,1
0.2922669649124145,49.96950182572634,59,0
0.4582598209381103,0.3741498053383307,28,1
0.4903993308544159,8.052284140996996,1,1
0.3111670017242431,33.70721504465672,29,0
0.4035504460334778,2.9995417292674134,13,0
0.3462756872177124,29.489499192792945,51,0
0.4794496893882751,34.200005178052805,5,1
0.3673529028892517,29.40731740570351,46,1
0.5802361965179443,18.25923515105336,26,1
0.3442109227180481,34.864114799331944,1,0
0.2259413003921508,29.714721400691023,40,1
0.4411479532718658,10.381858604695989,27,0
0.3058369755744934,28.15677717925549,46,1
0.4136964380741119,44.09536085694638,37,0
0.5847866535186768,33.3416642845225,47,0
0.4509370625019073,23.589575369692355,27,0
0.3734971880912781,16.079205143472556,0,1
0.606280505657196,4.294310471878643,7,1
0.4225839078426361,12.231356637951436,27,1
0.3268858194351196,0.5593376543438444,23,1
0.2222696840763092,49.33129587624822,47,0
0.4419583678245544,11.124112606437,24,1
0.6244018077850342,40.74379713426863,51,1
0.2341470420360565,8.43224409024893,11,0
0.3292945921421051,14.180057480278697,23,0
0.0756211355328559,20.913865961418335,45,0
0.3148512244224548,16.220283207080254,7,0
0.3974522948265075,39.917540637993056,19,0
0.2179583609104156,47.88467040077116,45,0
0.5798437595367432,43.76472418254242,35,1
0.3971354961395263,7.678893347387827,46,1
0.2296180725097656,38.83443381746452,30,0
0.3951908946037292,7.397345665235572,51,1
0.1179540008306503,45.66905532810507,52,0
0.4872516095638275,25.89392878342892,58,0
0.6306408643722534,16.819054402835338,7,1
0.2883650064468384,7.85127486670964,35,0
0.3553879261016845,0.5904544089502306,6,1
0.5396588444709778,12.397349583044235,13,1
0.5094336271286011,45.7010031640656,18,0
0.192373588681221,39.86310961361138,38,0
0.2861388921737671,48.48968538753597,25,0
0.4293169677257538,5.038076056068652,51,0
0.5187430381774902,29.608937175283472,17,0
0.0645888000726699,12.857523701538833,37,0
0.5070620775222778,27.14708528862037,45,1
0.4105446934700012,16.022744278172755,58,0
0.4655419886112213,14.173277512167877,14,1
0.5423374176025391,28.692265101229875,44,1
0.3727951645851135,9.165908093477016,5,0
0.4072874784469604,23.456671848605843,32,0
0.401894211769104,32.54061325220174,24,1
0.4846052825450897,6.409103659140203,57,0
0.4446790814399719,46.529713543845205,46,1
0.3738327026367187,25.28623497270624,55,0
0.5381765365600586,40.97639859421711,51,1
0.0371640250086784,32.695271531053166,24,0
0.4561537504196167,35.50004706112728,44,1
0.5581221580505371,35.8065470496419,1,1
0.3829827010631561,43.75499485307363,33,1
0.1979015618562698,30.680271752346204,2,0
0.536005973815918,13.91085758606948,43,1
0.4545589685440063,4.975482143272858,58,1
0.3480116128921509,30.312530972507076,40,0
0.2858599722385406,3.3176401885290527,50,1
0.2989294528961181,12.06467258447651,14,0
0.4559598565101623,3.035359230095586,59,1
0.3820849061012268,27.44437945032836,33,0
0.4010151922702789,8.016906247143401,40,1
0.0865426138043403,30.520365971673662,46,0
0.3113852739334106,39.54325654316338,38,0
0.5437277555465698,41.09403603859312,19,1
0.264048308134079,15.477175406881372,36,0
0.2416811436414718,27.4477266347248,39,1
0.248353898525238,28.150538004317948,51,0
0.6282044649124146,23.64435910770833,28,1
0.3501072525978088,32.755694571238244,30,0
0.5255030393600464,10.504356191176678,30,1
0.3833679556846618,48.96216197933971,6,0
0.2895503938198089,4.903991354546622,5,0
0.1115189269185066,41.46105706015596,1,0
0.2320440113544464,29.70479934755939,39,0
0.4597868025302887,12.242737359685796,25,1
0.4314261078834533,37.28375003301499,51,0
0.3027927279472351,4.224044783853598,42,0
0.3467089533805847,38.72089172243916,8,1
0.3475458920001983,29.49926111215068,6,0
0.6027176976203918,5.53751591982008,21,1
0.6245591640472412,3.975278154618511,55,1
0.4640867114067077,37.54181667182313,2,1
0.2946652173995971,14.646795325191858,11,0
0.4340567588806152,44.46509253836067,1,1
0.4543611407279968,38.103651051508805,24,1
0.49457648396492,34.909512235885806,59,1
0.590942919254303,13.930302631672548,41,1
0.5803743600845337,35.447225951080895,29,1
0.2589641213417053,47.4073842257417,8,1
0.4114760458469391,4.5779917185284456,21,1
0.388863056898117,16.3081321001783,31,1
0.2236534357070922,11.733613273079706,16,0
0.6775108575820923,19.66250672003333,42,1
0.1988212168216705,37.11663274269732,58,0
0.4869593977928161,23.712129071269327,12,1
0.2689072787761688,28.536530306012317,15,0
0.3219760358333587,15.707744403917118,7,0
0.5601236820220947,7.064463354355027,43,1
0.4505045711994171,13.346682446886426,27,0
0.4794225394725799,42.98401506209935,17,1
0.2037921547889709,30.12084810767052,13,0
0.4742772579193115,18.899433659861685,4,1
0.4145726561546325,39.495299086779376,28,1
0.5723978281021118,3.222871622745438,40,1
0.3002127408981323,12.694554396119283,14,0
0.1980399042367935,11.505157702866963,0,1
0.3519537448883056,49.26822810841111,28,0
0.4335777759552002,35.30492911963801,40,0
